source_row,true,pred
666,2,2
893,0,0
1232,2,2
1242,4,4
1510,2,2
1515,2,2
1562,6,6
1574,4,4
1999,4,4
2002,2,2
2100,6,6
2565,2,2
2698,7,7
2711,2,2
2919,4,4
3143,5,5
3164,2,2
3171,2,3
3319,2,2
3331,2,2
3359,7,8
3423,6,6
3487,4,4
3803,4,2
4233,6,6
4788,6,6
4793,2,2
5313,2,2
5315,4,4
6439,4,4
6476,4,4
7254,4,4
7255,4,4
7256,4,4
7257,4,4
7258,4,4
7259,4,4
7260,4,4
7261,4,4
7262,4,4
7263,4,4
7264,4,4
7265,4,4
7266,4,7
7267,4,4
7268,4,4
7269,4,4
7270,4,7
7271,4,7
7272,4,4
7273,4,7
7274,4,4
7275,4,4
7276,4,7
7277,4,4
7278,4,4
7329,2,2
7334,1,6
7335,1,0
7338,1,1
7339,1,1
7340,1,1
7342,1,1
7343,2,2
7344,4,1
7346,1,1
7348,1,1
7553,4,4
7554,4,4
7555,4,4
7556,4,2
7557,4,4
7558,4,4
7559,4,4
7561,4,4
7564,4,4
7573,2,2
7849,7,4
7877,1,1
7878,1,1
8206,3,3
8213,3,3
8454,3,3
8543,2,2
8544,2,3
8551,2,2
8658,3,3
8660,3,3
8663,3,3
8668,3,3
11503,3,3
12027,4,4
13186,2,2
13614,4,1
14150,3,3
14151,3,3
14152,3,3
14153,3,3
14154,3,3
14155,3,3
14156,3,3
14157,3,3
14158,3,3
14159,3,3
14160,3,3
14161,3,3
14162,3,3
14163,3,3
14164,3,3
14165,3,3
14166,3,3
14167,3,3
14168,3,3
14169,3,3
14170,3,3
14171,3,3
14172,3,3
14173,3,3
14174,3,3
14210,7,3
14279,3,3
14280,3,3
14281,3,3
14282,3,3
14283,3,3
14503,2,4
14528,2,4
15897,2,2
16869,6,6
16870,6,6
16872,6,1
18180,2,2
18205,2,2
18788,3,3
18790,3,3
18792,3,3
19184,6,6
19185,6,6
19186,6,6
19188,6,6
19189,6,6
19190,6,6
19195,6,6
19196,6,6
19197,6,6
19198,6,6
19200,6,6
19201,6,6
19202,6,6
19203,6,6
19204,6,6
19205,6,6
19206,6,6
19207,6,6
19208,6,6
19478,3,3
19479,3,3
19480,3,3
19481,3,3
19482,3,3
19483,3,3
19484,3,3
19485,3,3
19486,3,3
19487,3,3
19488,3,3
19489,3,3
19490,3,3
19491,3,3
19492,3,3
19493,3,3
19494,3,3
19495,3,3
19496,3,3
19497,3,3
19498,3,3
19499,3,3
19500,3,3
19501,3,3
19502,3,3
20855,3,3
20856,3,3
20857,3,3
20858,3,3
20859,3,3
20860,3,3
20861,3,3
20862,3,3
20863,3,3
20864,3,3
20865,3,3
20866,3,3
20867,3,3
20868,3,3
20869,3,3
20870,3,3
20871,3,3
20872,3,3
20873,3,3
20874,3,3
20875,3,3
20876,3,3
20877,3,3
20878,3,3
20879,3,3
21077,3,3
21078,3,3
21079,3,3
21080,3,3
21081,3,3
21082,3,3
21083,3,3
21084,3,3
21085,3,3
21086,3,3
21088,3,3
21089,3,3
21090,3,3
21091,3,3
21092,3,3
21093,3,3
21094,3,3
21095,3,3
21096,3,3
21097,3,3
21098,3,3
21099,3,3
21175,3,3
21176,3,3
21177,3,3
21178,3,3
21179,3,3
21180,3,3
21181,3,3
21182,3,3
21183,3,3
21184,3,3
21185,3,3
21186,3,3
21187,3,3
21188,3,3
21189,3,3
21190,3,3
21191,3,3
21192,3,3
21193,3,3
21194,3,3
21195,3,3
21196,3,3
21197,3,3
21198,3,3
21199,3,3
21200,3,3
21201,3,3
21202,3,3
21203,3,3
21204,3,3
21205,3,3
21206,3,3
21207,3,3
21208,3,3
21209,3,3
21210,3,3
21211,3,3
21212,3,3
21213,3,3
21214,3,3
21215,3,3
21216,3,3
21217,3,3
21218,3,3
21219,3,3
21220,3,3
21221,3,3
21222,3,3
21223,3,3
21224,3,3
21300,3,3
21301,3,3
21302,3,3
21303,3,3
21304,3,3
21305,3,3
21306,3,3
21307,3,3
21308,3,3
21309,3,3
21310,3,3
21311,3,3
21312,3,3
21313,3,3
21314,3,3
21315,3,3
21316,3,3
21317,3,3
21318,3,3
21319,3,3
21320,3,3
21321,3,3
21322,3,3
21323,3,3
21324,3,3
21449,3,3
21450,3,3
21451,3,3
21452,3,3
21453,3,3
21454,3,3
21455,3,3
21456,3,3
21457,3,3
21459,3,3
21460,3,3
21461,3,3
21462,3,3
21463,3,3
21464,3,3
21465,3,3
21466,3,3
21467,3,3
21468,3,3
21469,3,3
21470,3,3
21471,3,3
21472,3,3
21473,3,3
21549,3,3
21550,3,3
21551,3,3
21552,3,3
21553,3,3
21554,3,3
21555,3,3
21556,3,3
21557,3,3
21558,3,3
21559,3,3
21560,3,3
21561,3,3
21562,3,3
21563,3,3
21564,3,3
21565,3,3
21566,3,3
21567,3,3
21568,3,3
21569,3,3
21570,3,3
21571,3,3
21572,3,3
22044,7,2
22068,7,2
22431,7,7
24362,3,3
24363,3,3
24367,3,3
24394,3,3
25043,6,6
25265,7,8
25472,3,3
25473,2,2
25474,2,2
25475,2,2
25478,2,2
25479,2,2
25481,2,2
25483,2,2
25484,2,2
25485,2,2
25486,2,2
25487,2,2
25488,2,2
25793,2,2
29448,2,2
29449,2,3
30320,3,2
31699,3,3
31704,1,1
31706,3,3
31707,1,1
31708,3,3
31709,3,3
31710,3,3
31711,3,3
31712,3,3
31713,3,3
31714,3,3
31715,3,3
31716,3,3
31717,3,3
31718,3,3
31719,3,3
31720,3,3
31721,3,3
31722,3,3
31723,3,3
37202,3,3
40772,2,2
40773,2,2
40774,2,2
40778,2,2
40797,2,2
40799,2,2
40805,2,2
41045,2,2
41906,2,2
41908,2,2
41912,2,2
42392,2,2
43497,4,4
43651,2,2
43881,4,0
43936,3,3
43988,2,2
43993,2,2
44043,2,2
44973,4,4
44975,4,4
44981,4,4
44983,4,4
44986,4,4
44996,4,4
45034,3,3
45091,2,2
45094,2,2
45095,2,2
45099,2,2
45103,2,2
45109,2,2
45110,2,2
45112,2,2
45160,2,2
45692,2,2
45697,2,2
45700,3,3
45712,2,2
45714,2,2
46025,2,2
46509,1,1
47581,2,3
47583,2,7
49161,2,2
49185,2,2
49204,2,2
49435,2,2
50588,2,2
50590,2,2
50595,2,2
50914,2,2
50917,2,2
51933,2,2
52028,2,2
54537,2,2
54538,2,2
54540,2,2
55909,2,2
55912,2,2
55913,2,2
55916,2,2
56295,2,2
56312,2,2
56768,2,2
56784,4,4
58331,2,2
58449,2,2
58452,2,2
58456,1,1
58487,2,2
58570,2,2
58581,2,2
59374,2,2
59684,2,2
59691,2,2
59695,3,3
59697,3,3
59704,2,2
59706,2,2
59763,2,2
59961,2,2
60174,2,2
60178,2,2
60202,2,2
60203,2,2
60207,2,2
60747,2,2
62659,2,2
63195,2,2
64653,3,3
64655,3,3
65506,2,2
65510,2,2
67024,4,7
67631,3,3
67634,3,3
67636,3,3
67643,3,3
67645,3,3
67647,3,3
67649,3,3
67652,3,3
68782,4,4
69151,3,3
69153,3,3
69156,3,3
69158,3,3
69160,3,3
69163,3,3
69624,2,2
70095,2,2
70097,2,3
70110,2,2
71301,2,2
71638,4,4
72678,2,2
72927,2,2
73623,2,2
73624,2,2
73625,2,2
73629,2,2
73631,2,2
73634,3,3
73635,2,2
73638,2,2
73639,2,2
74227,4,4
75950,2,2
75999,2,2
76278,2,2
77181,2,2
77182,2,2
77186,2,2
77193,2,2
77194,4,4
77198,2,2
77206,2,2
77207,2,2
77210,4,2
77214,2,4
77218,2,2
77219,4,4
77225,4,4
77227,2,4
77230,2,2
79983,2,2
79984,2,2
79997,2,2
80414,2,2
81423,4,4
82249,2,2
82258,2,2
82262,2,2
82266,2,2
82270,2,2
82580,2,2
82582,2,2
82767,2,2
82769,2,2
82778,2,2
82779,2,2
82781,2,2
82785,2,2
82786,2,2
82787,2,2
82789,2,2
82790,2,2
83859,2,2
83883,2,2
84083,4,4
84084,4,8
84085,4,4
84086,4,4
84087,4,4
84090,4,4
84091,4,4
84092,4,4
84093,4,4
84097,0,0
84100,0,0
84106,0,0
84160,0,0
84165,0,0
84487,2,2
84936,0,0
84941,2,2
85023,3,3
85034,3,3
85147,4,4
85148,4,4
85343,0,0
85578,0,0
86291,0,0
86293,0,0
86295,0,0
86303,2,2
86306,2,2
86452,0,0
87124,2,2
87127,2,2
87130,2,2
87134,2,2
87142,2,2
87145,2,2
87301,4,4
87342,4,4
87345,4,4
87452,2,2
87474,2,2
87476,2,2
87544,0,0
87545,0,0
87548,0,0
88046,2,2
88059,2,2
88963,4,4
89401,3,3
89499,0,0
89743,2,2
89849,4,4
90937,4,4
90944,4,4
90950,4,4
90951,4,4
90952,4,4
91185,2,2
94660,4,7
95118,2,2
95218,2,2
95398,3,3
95399,3,3
95400,3,3
95404,3,3
99017,7,7
100401,4,7
100402,4,4
100404,4,4
100405,4,4
100406,4,4
100413,4,1
101483,4,4
105454,4,4
106274,4,4
106280,4,4
106281,4,4
106284,4,4
106289,0,0
106292,2,2
106385,4,4
106386,2,2
106387,4,4
106388,4,4
106598,0,0
106606,4,4
106631,4,4
106791,2,2
107221,2,2
107665,4,4
107674,4,2
108432,6,6
108569,4,4
108654,4,4
108655,4,4
108657,4,4
109012,2,2
110027,0,0
110264,2,2
110267,4,2
110268,2,2
110272,4,4
110279,2,2
110284,4,4
111108,2,2
111405,4,4
111786,0,0
111791,0,0
112008,0,0
114980,4,4
114981,4,4
116252,1,1
116254,1,1
116255,1,1
116256,1,1
116258,1,1
116260,1,1
116263,1,1
116264,1,1
116267,1,1
116269,1,1
116271,1,1
117665,0,0
117666,0,0
117667,0,0
117668,0,0
117677,2,2
118583,3,3
119533,2,2
119534,2,2
119538,2,2
119544,2,2
120984,2,2
121009,2,2
122137,2,2
123616,6,6
124721,6,6
124722,6,6
124724,6,6
124729,6,6
124743,6,6
124870,3,3
124884,3,3
125594,2,2
126057,2,2
126058,4,7
126067,4,4
126422,6,6
126447,6,6
126848,0,0
126850,0,0
126851,0,0
132131,0,0
132988,0,0
133996,2,2
134141,4,4
134340,4,4
135808,3,3
137272,2,2
139591,2,2
141248,3,3
141249,3,3
141250,3,3
141251,3,3
141252,3,3
141253,3,3
141254,3,3
141255,3,3
141256,3,3
141257,3,3
141258,3,3
141259,3,3
141260,3,3
141261,3,3
141262,3,3
141263,3,3
141264,3,3
141265,3,3
141266,3,3
141267,3,3
141268,3,3
141269,3,3
141270,3,3
141271,3,3
141272,3,3
141465,3,3
141473,4,7
142078,6,6
142624,2,2
143012,2,2
143026,0,0
143915,0,0
143917,0,0
143919,0,0
143921,0,0
143923,0,0
143927,0,0
143928,0,0
143929,0,7
143930,0,0
143939,0,0
144799,4,4
145598,2,2
145753,4,1
150933,0,0
153582,0,0
153586,0,0
153590,0,0
153594,0,0
153600,0,0
153630,0,0
153675,0,0
154171,0,0
157327,2,2
158959,0,0
158966,0,0
158969,0,0
158970,0,0
159365,6,6
160536,0,0
160859,0,0
160862,0,0
160879,6,6
160882,0,0
161180,0,0
165539,2,2
165634,2,2
165638,2,2
165642,2,2
165646,2,2
165650,2,2
165654,2,2
165707,0,4
166171,2,2
167314,7,4
169474,7,2
171335,2,2
171719,2,2
171744,2,2
172487,4,4
172930,0,0
172955,0,0
173137,2,2
173152,2,2
173363,6,6
173815,2,2
174153,2,2
174157,2,2
174158,2,2
174165,2,2
174172,2,2
174174,2,2
174179,2,2
174180,2,2
174182,2,2
174183,2,2
174185,2,2
174190,2,2
174191,2,2
174201,2,2
174203,2,2
174206,2,3
174207,2,2
174209,2,2
174214,2,2
174217,2,2
174226,2,2
174832,3,3
175002,7,4
175066,2,2
175068,0,0
175073,0,0
175233,7,7
175235,2,3
175574,3,3
175575,3,3
175576,3,3
175577,3,3
175578,3,3
175579,3,3
175580,3,3
175581,3,3
175582,3,3
175583,3,3
175584,3,3
175585,3,3
175586,3,3
175587,3,3
175588,3,3
175589,3,3
175590,3,3
175591,3,3
175592,3,3
175593,3,3
175594,3,3
175595,3,3
175596,3,3
175597,3,3
175598,3,3
177327,2,2
178013,7,7
178014,7,7
179028,2,2
179029,4,4
179044,0,0
179089,7,8
180059,2,2
181140,0,0
181149,4,4
181376,0,0
182908,0,0
184116,2,2
184401,0,0
185028,7,7
185464,2,2
185494,4,4
186318,3,3
186319,3,3
186320,3,3
186321,3,3
186322,3,3
186323,3,3
186324,3,3
186325,3,3
186326,3,3
186327,3,3
186328,3,3
186329,3,3
186330,3,3
186331,3,3
186332,3,3
186333,3,3
186334,3,3
186335,3,3
186336,3,3
186337,3,3
186338,3,3
186339,3,3
186340,3,3
186341,3,3
186342,3,3
186343,3,3
186352,3,3
186353,3,3
186354,3,3
186905,2,2
187309,3,3
187310,3,3
187311,3,3
187312,3,3
187313,3,3
187314,3,3
187315,3,3
187316,3,3
187317,3,3
187318,3,3
187319,3,3
187320,3,3
187321,3,3
187322,3,3
187323,3,3
187324,3,3
187325,3,3
187326,3,3
187327,3,3
187328,3,3
187329,3,3
187330,3,3
187331,3,3
187332,3,3
187545,0,0
187546,0,0
187548,0,0
187601,0,6
187934,3,3
187935,3,3
187936,3,3
187937,3,3
187938,3,3
187939,3,3
187940,3,3
187941,3,3
187942,3,3
187943,3,3
187944,3,3
187945,3,3
187946,3,3
187947,3,3
187948,3,3
187949,3,3
187950,3,3
187951,3,3
187952,3,3
187953,3,3
187954,3,3
187955,3,3
187956,3,3
187957,3,3
187958,3,3
188234,3,3
188235,3,3
188236,3,3
188237,3,3
188238,3,3
188239,3,3
188240,3,3
188241,3,3
188242,3,3
188243,3,3
188244,3,3
188245,3,3
188246,3,3
188247,3,3
188248,3,3
188249,3,3
188250,3,3
188251,3,3
188252,3,3
188253,3,3
188254,3,3
188255,3,3
188256,3,3
188257,3,3
188258,3,3
188259,3,3
188260,3,3
188261,3,3
188262,3,3
188263,3,3
188264,3,3
188265,3,3
188266,3,3
188267,3,3
188268,3,3
188269,3,3
188270,3,3
188271,3,3
188272,3,3
188273,3,3
188274,3,3
188275,3,3
188276,3,3
188277,3,3
188278,3,3
188279,3,3
188280,3,3
188281,3,3
188282,3,3
188283,3,3
188562,2,2
188563,2,0
189373,6,6
189976,4,4
189977,4,4
189979,0,0
189980,0,0
189982,0,0
189983,0,0
190290,0,0
190823,4,4
192267,2,2
193258,7,7
193263,7,7
194510,7,0
196370,2,3
198706,0,0
199587,3,3
199588,3,3
199589,3,3
199590,3,3
199591,3,3
199592,3,3
199593,3,3
199594,3,3
199595,3,3
199596,3,3
199597,3,3
199598,3,3
199599,3,3
199600,3,3
199602,3,3
199603,3,3
199604,3,3
199605,3,3
199606,3,3
199607,3,3
199608,3,3
199609,3,3
199610,3,3
199611,3,3
199612,3,3
199613,3,3
199614,3,3
199615,3,3
199616,3,3
199617,3,3
199618,3,3
199619,3,3
199620,3,3
199621,3,3
199622,3,3
199623,3,3
199624,3,3
199625,3,3
199626,3,3
199627,3,3
199628,3,3
199629,3,3
199630,3,3
199631,3,3
199632,3,3
199633,3,3
199634,3,3
199635,3,3
199636,3,3
199662,3,3
199663,3,3
199664,3,3
199665,3,3
199666,3,3
199667,3,3
199668,3,3
199669,3,3
199670,3,3
199671,3,3
199672,3,3
199673,3,3
199674,3,3
199675,3,3
199676,3,3
199677,3,3
199678,3,3
199679,3,3
199680,3,3
199681,3,3
199682,3,3
199683,3,3
199684,3,3
199685,3,3
199686,3,3
199687,3,3
199688,3,3
199689,3,3
199690,3,3
199691,3,3
199692,3,3
199693,3,3
199694,3,3
199695,3,3
199696,3,3
199697,3,3
199698,3,3
199699,3,3
199700,3,3
199701,3,3
199702,3,3
199703,3,3
199704,3,3
199705,3,3
199706,3,3
199707,3,3
199708,3,3
199709,3,3
199710,3,3
199711,3,3
199737,3,3
199738,3,3
199739,3,3
199740,3,3
199741,3,3
199742,3,3
199743,3,3
199744,3,3
199745,3,3
199746,3,3
199747,3,3
199748,3,3
199749,3,3
199750,3,3
199751,3,3
199752,3,3
199753,3,3
199754,3,3
199755,3,3
199756,3,3
199757,3,3
199758,3,3
199759,3,3
199760,3,3
199986,3,3
199987,3,3
199988,3,3
199989,3,3
199990,3,3
199991,3,3
199992,3,3
199993,3,3
199994,3,3
199995,3,3
199996,3,3
199997,3,3
199998,3,3
199999,3,3
200000,3,3
200001,3,3
200002,3,3
200003,3,3
200004,3,3
200005,3,3
200006,3,3
200007,3,3
200008,3,3
200009,3,3
200010,3,3
200221,3,3
200222,3,3
200223,3,3
200224,3,3
200225,3,3
200226,3,3
200227,3,3
201537,0,0
201548,0,0
201961,7,8
202119,0,0
202122,0,0
202124,0,0
202430,3,3
202431,3,3
202432,3,3
202433,3,3
202434,3,3
202435,3,3
202436,3,3
202437,3,3
202438,3,3
202439,3,3
202440,3,3
202441,3,3
202442,3,3
202443,3,3
202444,3,3
202445,3,3
202446,3,3
202447,3,3
202448,3,3
202449,3,3
202450,3,3
202451,3,3
202452,3,3
202453,3,3
202454,3,3
203549,2,2
205499,2,2
207209,6,6
209495,0,0
209644,0,0
209653,0,0
211898,0,0
211908,0,0
211910,0,0
211911,0,0
211913,0,0
211914,0,0
211915,0,0
211917,0,0
211919,0,0
211921,0,0
211922,0,0
211955,0,0
212629,2,2
214231,0,0
215942,4,4
215950,2,2
216187,3,3
216188,3,3
216189,3,3
216190,3,3
216191,3,3
216192,3,3
216193,3,3
216194,3,3
216195,3,3
216196,3,3
216197,3,3
216198,3,3
216199,3,3
216200,3,3
216201,3,3
216202,3,3
216203,3,3
216204,3,3
216205,3,3
216206,3,3
216207,3,3
216208,3,3
216209,3,3
216210,3,3
216211,3,3
216741,3,3
216742,3,3
216743,3,3
216744,3,3
216745,3,3
216746,3,3
216747,3,3
216748,3,3
216749,3,3
216750,3,3
216751,3,3
216752,3,3
216753,3,3
216754,3,3
216755,3,3
216756,3,3
216757,3,3
216758,3,3
216759,3,3
216760,3,3
216761,3,3
216762,3,3
216763,3,3
216764,3,3
216765,3,3
219582,2,2
219645,2,2
219775,2,2
220630,7,7
221228,3,3
221229,3,3
221230,3,3
221231,3,3
221232,3,3
221233,3,3
221234,3,3
221235,3,3
221236,3,3
221237,3,3
221238,3,3
221239,3,3
221240,3,3
221241,3,3
221242,3,3
221243,3,3
221244,3,3
221245,3,3
221246,3,3
221247,3,3
221248,3,3
221249,3,3
221250,3,3
221251,3,3
221252,3,3
221353,3,3
221354,3,3
221355,3,3
221356,3,3
221357,3,3
221358,3,3
221359,3,3
221360,3,3
221361,3,3
221362,3,3
221363,3,3
221364,3,3
221365,3,3
221366,3,3
221367,3,3
221368,3,3
221369,3,3
221370,3,3
221371,3,3
221372,3,3
221373,3,3
221374,3,3
221375,3,3
221376,3,3
221377,3,3
221403,3,3
221404,3,3
221405,3,3
221406,3,3
221407,3,3
221408,3,3
221409,3,3
221410,3,3
221411,3,3
221412,3,3
221413,3,3
221414,3,3
221415,3,3
221416,3,3
221417,3,3
221418,3,3
221419,3,3
221420,3,3
221421,3,3
221422,3,3
221423,3,3
221424,3,3
221425,3,3
221426,3,3
221427,3,3
223062,7,8
227036,4,2
227040,4,4
227047,4,2
227268,7,7
227307,7,7
228211,2,2
228214,3,3
228215,3,3
228216,3,3
228217,3,3
228218,3,3
228219,3,3
228220,3,3
228221,3,3
228222,3,3
228223,3,3
228224,3,3
228225,3,3
228745,4,4
229851,3,3
229852,3,3
229853,3,3
230598,4,7
231235,3,3
231236,3,3
231237,3,3
231238,3,3
231239,3,3
231240,3,3
231241,3,3
231242,3,3
231243,3,3
231244,3,3
231245,3,3
231246,3,3
231247,3,3
231248,3,3
231249,3,3
231250,3,3
231251,3,3
231252,3,3
231253,3,3
231254,3,3
231255,3,3
231256,3,3
231257,3,3
231258,3,3
231259,3,3
231589,4,2
231914,3,3
231915,3,3
231916,3,3
231917,3,3
231918,3,3
231919,3,3
231920,3,3
231921,3,3
231922,3,3
231923,3,3
231924,3,3
231925,3,3
231926,3,3
231927,3,3
231928,3,3
231929,3,3
231931,3,3
231932,3,3
231933,3,3
231934,3,3
231935,3,3
231936,3,3
231937,3,3
231938,3,3
232011,3,3
232012,3,3
232013,3,3
232014,3,3
232015,3,3
232016,3,3
232017,3,3
232018,3,3
232019,3,3
232020,3,3
232021,3,3
232022,3,3
232023,3,3
232024,3,3
232025,3,3
232026,3,3
232027,3,3
232028,3,3
232029,3,3
232030,3,3
232031,3,3
232032,3,3
232033,3,3
232034,3,3
237650,3,3
237651,3,3
237652,3,3
237653,3,3
237654,3,3
237655,3,3
237656,3,3
237657,3,3
237658,3,3
237659,3,3
237660,3,3
237661,3,3
239342,7,2
240674,3,3
240675,3,3
240676,3,3
240677,3,3
240678,3,3
240679,3,3
240680,3,3
240681,3,3
240682,3,3
240683,3,3
240684,3,3
240685,3,3
240686,3,3
240898,3,3
240899,3,3
240900,3,3
240901,3,3
240902,3,3
240903,3,3
240904,3,3
240905,3,3
240906,3,3
240907,3,3
240908,3,3
240909,3,3
240910,3,3
240911,3,3
240912,3,3
240913,3,3
240914,3,3
240915,3,3
240916,3,3
240917,3,3
240918,3,3
240919,3,3
240920,3,3
240921,3,3
240922,3,3
243168,3,3
243169,3,3
243170,3,3
243261,6,6
243287,6,6
243288,6,6
243289,6,6
243290,6,6
243291,6,6
243292,6,6
243293,6,6
243294,6,6
243295,6,6
243296,6,6
243297,6,6
243298,6,6
243299,6,6
243300,6,6
243301,6,6
243302,6,6
243303,6,6
243304,6,6
243306,6,6
243307,6,6
243308,6,6
243309,6,6
243685,5,5
243686,2,2
243965,3,3
243973,3,3
243982,3,3
244235,2,2
244237,6,6
244239,2,3
244240,6,6
244241,2,2
244294,3,3
244605,2,2
244606,7,4
244807,4,4
245086,6,6
245088,7,7
245093,7,8
245109,7,7
245337,0,0
245341,4,0
245345,4,0
245353,4,2
245356,4,2
247157,7,7
247167,7,7
247171,7,8
247177,5,5
247178,0,0
247179,0,0
247180,0,0
247181,0,0
247188,0,0
247430,5,5
249130,5,5
249641,2,4
249643,4,4
249651,7,7
250192,5,5
250587,2,2
251193,2,6
251646,5,5
252146,6,6
252289,4,0
253351,2,3
253376,2,2
253586,2,2
253596,2,2
254941,0,0
255168,0,0
255169,0,0
255170,0,0
255171,0,0
255172,0,0
255173,0,0
256711,2,3
256846,0,0
256847,0,0
256848,0,0
256849,0,0
256850,0,0
259463,2,3
259464,2,2
259465,6,6
259947,4,4
261054,0,0
261055,4,4
261056,0,0
261062,4,4
261376,2,2
262498,2,2
264232,2,2
264297,2,2
264313,2,3
265118,3,3
265119,3,3
265120,3,3
265121,3,3
265122,3,3
265123,3,3
265124,3,3
265130,3,3
265131,3,3
265132,3,3
265133,3,3
265134,3,3
265135,3,3
265136,3,3
265137,3,3
265138,3,3
265139,3,3
265140,3,3
265615,4,4
265948,2,2
265949,2,2
266171,3,3
266172,3,3
266173,3,3
266174,3,3
266175,3,3
266176,3,3
266177,3,3
266178,3,3
266179,3,3
266180,3,3
266181,3,3
266182,3,3
266183,3,3
266184,3,3
266185,3,3
266186,3,3
266187,3,3
266188,3,3
266189,3,3
266190,3,3
266191,3,3
266192,3,3
266193,3,3
266194,3,3
266195,3,3
266372,2,2
266374,2,3
266622,0,0
267446,4,4
267447,4,2
267448,4,2
267449,4,2
267450,4,4
267452,4,2
267457,1,1
267563,2,2
267564,2,2
267565,2,2
268662,0,0
268668,0,0
268757,3,3
268758,3,3
268759,3,3
268760,3,3
268761,3,3
268762,3,3
268763,3,3
268764,3,3
268765,3,3
268766,3,3
268767,3,3
268768,3,3
268769,3,3
268770,3,3
268771,3,3
268772,3,3
268773,3,3
268774,3,3
268775,3,3
268776,3,3
268777,3,3
268778,3,3
268779,3,3
268780,3,3
268781,3,3
269692,4,4
269775,7,7
269909,2,2
270473,4,4
270474,4,0
270475,4,4
270477,4,4
270478,4,4
270479,4,4
270480,4,4
270481,4,2
270482,2,2
270598,7,7
270936,7,7
270939,7,7
270940,7,7
270941,7,7
270943,7,7
270944,7,7
270945,7,7
270946,7,7
270947,7,7
271272,2,2
272334,4,5
273942,2,2
274566,0,0
274567,0,0
274967,2,2
275231,7,4
276023,3,3
276024,3,3
276025,3,3
276026,3,3
276027,3,3
276028,3,3
276029,3,3
276030,3,3
276031,3,3
276032,3,3
276033,3,3
276034,3,3
276035,3,3
276036,3,3
276037,3,3
276038,3,3
276039,3,3
276040,3,3
276041,3,3
276042,3,3
276043,3,3
276044,3,3
276045,3,3
276128,1,1
276141,1,1
276145,4,4
276320,3,3
276321,3,3
276322,3,3
276323,3,3
276324,3,3
276325,3,3
276326,3,3
276327,3,3
276328,3,3
276329,3,3
276330,3,3
276331,3,3
276332,3,3
276333,3,3
276334,3,3
276335,3,3
276336,3,3
276337,3,3
276338,3,3
276339,3,3
276340,3,3
276341,3,3
276342,3,3
276343,3,3
276344,3,3
276888,2,2
278666,2,2
278731,1,1
278742,1,1
278747,1,1
278749,1,1
278750,1,1
278751,1,1
278754,0,0
278755,1,1
278757,1,1
278758,0,0
278759,1,1
278761,1,1
278762,0,0
278868,4,4
278873,4,4
278885,1,1
278887,4,1
279089,4,4
279098,1,1
279099,1,1
279110,1,1
279116,4,1
279125,1,1
279127,1,1
279129,1,1
279133,1,1
279134,1,1
279135,1,1
279262,2,1
279532,4,1
279535,4,1
279536,1,1
279538,4,1
279540,1,1
279542,1,1
279543,1,1
279544,1,1
279546,1,1
279547,1,1
279550,1,1
279551,1,1
279552,1,1
279555,1,1
279736,1,1
279750,4,1
279977,0,1
279979,1,1
279981,1,1
279982,1,1
279983,1,1
279985,0,0
279986,4,4
279987,0,0
279988,1,1
279989,0,0
279991,0,0
279993,0,0
279994,0,0
279995,0,0
279998,1,1
279999,1,1
280001,0,0
280157,1,1
280161,1,1
280164,4,1
280170,4,4
281724,2,2
282621,7,7
282862,4,7
283019,7,7
283388,6,4
283485,7,8
284317,4,7
284862,4,2
285649,7,0
285650,7,0
285651,7,7
285652,7,7
285827,4,7
287489,7,7
288086,7,7
288314,0,0
288315,0,0
289651,2,2
291013,2,2
291830,4,7
292367,4,4
293080,4,2
293094,7,7
293100,7,8
293310,0,0
293341,4,7
293437,7,8
294111,0,0
294371,3,3
294372,3,3
294373,3,3
294374,3,3
294375,3,3
294376,3,3
294377,3,3
294378,3,3
294379,3,3
294380,3,3
294381,3,3
294382,3,3
294383,3,3
294384,3,3
294385,3,3
294386,3,3
294387,3,3
294388,3,3
294389,3,3
294390,3,3
294391,3,3
294392,3,3
294393,3,3
294394,3,3
294395,3,3
294421,3,3
294422,3,3
294423,3,3
294424,3,3
294425,3,3
294426,3,3
294427,3,3
294428,3,3
294429,3,3
294430,3,3
294431,3,3
294432,3,3
294433,3,3
294434,3,3
294435,3,3
294436,3,3
294437,3,3
294438,3,3
294439,3,3
294440,3,3
294441,3,3
294442,3,3
294443,3,3
294444,3,3
294445,3,3
295407,0,0
295959,2,2
295965,2,2
295971,2,2
295978,2,2
296952,0,0
297146,4,7
298160,6,6
299777,4,7
300116,4,7
300314,3,3
300315,3,3
300316,3,3
300317,3,3
300318,3,3
300319,3,3
300320,3,3
300321,3,3
300322,3,3
300323,3,3
300324,3,3
300325,3,3
300326,3,3
300327,3,3
300328,3,3
300329,3,3
300330,3,3
300331,3,3
300332,3,3
300333,3,3
300334,3,3
300335,3,3
300336,3,3
300337,3,3
300338,3,3
300468,4,2
300562,3,3
300563,3,3
300564,3,3
300566,3,3
300567,3,3
301713,7,7
302723,7,8
303204,2,2
307172,2,2
307198,3,3
307199,3,3
307265,6,6
307408,6,4
307414,6,4
307418,6,4
307448,3,3
307458,3,3
307522,3,3
307523,3,3
307525,3,3
307527,3,3
307528,3,3
307529,3,3
307530,3,3
307531,3,3
307533,3,3
307534,3,3
309484,4,4
309947,4,7
311724,4,7
313319,4,4
313364,7,7
313583,2,2
314090,4,4
314515,7,4
315354,4,4
316274,0,0
316284,0,0
316287,0,0
316291,0,0
316293,0,0
318323,4,4
318445,1,1
318451,1,1
318458,4,4
318460,4,4
318464,4,4
318560,1,1
318562,1,1
319514,7,7
319738,4,7
319760,4,0
320027,0,0
320033,7,7
320184,4,8
320186,7,4
320587,4,4
320768,4,4
320787,4,4
321518,4,8
321561,0,0
324365,7,2
324480,7,8
324829,7,8
326266,4,2
327852,2,8
327869,2,3
327901,7,8
329396,3,3
329411,3,3
329414,3,3
329415,3,3
329417,3,3
329418,3,3
329420,3,3
329422,3,3
329423,3,3
329425,3,3
329427,3,3
329429,3,3
329433,3,3
329434,3,3
329587,3,3
329589,3,3
329592,3,3
329595,3,3
329601,3,3
329603,3,3
329604,3,3
329607,3,3
329609,3,3
330109,4,4
330189,2,2
331504,4,4
331729,7,7
331734,7,8
333543,4,4
333553,4,4
333796,3,3
333800,3,3
333801,6,3
333802,3,3
333843,6,6
333848,6,6
333851,6,6
334261,7,7
335159,2,2
336060,3,3
336062,3,3
336093,4,7
336095,4,7
336097,4,2
336101,4,7
336103,4,7
336107,4,7
336109,4,7
337187,2,2
337844,0,0
337845,0,0
337846,0,0
337862,7,7
339024,0,0
339250,4,7
340064,4,4
340239,4,7
341768,7,7
343174,4,4
343185,3,3
343187,3,3
343189,3,3
343190,3,3
343191,3,3
343192,3,3
343193,3,3
343194,3,3
343195,3,3
343196,3,3
343197,3,3
343198,3,3
343199,3,3
343200,3,3
343201,3,3
343202,3,3
343203,3,3
343204,3,3
343205,3,3
343206,3,3
343207,3,3
343208,3,3
343209,3,3
343210,3,3
343211,3,3
343212,3,3
343213,3,3
343214,3,3
343216,3,3
343217,3,3
343218,3,3
343219,3,3
343220,3,3
343221,3,3
343222,3,3
343223,3,3
343224,3,3
343225,3,3
343226,3,3
343227,3,3
343228,3,3
343229,3,3
343230,3,3
343231,3,3
343232,3,3
343233,3,3
343234,3,3
343792,2,2
344136,4,2
344721,3,3
344731,3,3
345228,3,3
346635,4,4
346836,3,3
346837,3,3
346838,3,3
346839,3,3
346840,3,3
346841,3,3
346842,3,3
346843,3,3
346844,3,3
346845,3,3
346846,3,3
346847,3,3
346848,3,3
346849,3,3
346850,3,3
346851,3,3
346852,3,3
346853,3,3
346854,3,3
346855,3,3
346856,3,3
346857,3,3
346858,3,3
346859,3,3
346860,3,3
346861,3,3
346862,3,3
346863,3,3
346864,3,3
346865,3,3
346866,3,3
346867,3,3
346868,3,3
346869,3,3
346870,3,3
346871,3,3
346872,3,3
346873,3,3
346874,3,3
346875,3,3
346876,3,3
346877,3,3
346878,3,3
346879,3,3
346880,3,3
346881,3,3
346882,3,3
346883,3,3
346884,3,3
346885,3,3
347452,2,2
347458,2,2
347461,2,2
347464,4,4
347908,4,4
347912,4,4
348807,2,2
350369,3,3
350370,3,3
350371,3,3
350372,3,3
350373,3,3
350374,3,3
350375,3,3
350376,3,3
350377,3,3
350378,3,3
350379,3,3
350380,3,3
350381,3,3
350382,3,3
350383,3,3
350384,3,3
350385,3,3
350386,3,3
350387,3,3
350388,3,3
350389,3,3
350390,3,3
350391,3,3
350392,3,3
350393,3,3
350394,3,3
350395,3,3
350396,3,3
350397,3,3
350398,3,3
350399,3,3
350400,3,3
350401,3,3
350402,3,3
350403,3,3
350404,3,3
350405,3,3
350406,3,3
350407,3,3
350408,3,3
350409,3,3
350410,3,3
350411,3,3
350412,3,3
350413,3,3
350414,3,3
350415,3,3
350416,3,3
350417,3,3
350418,3,3
350469,3,3
350470,3,3
350471,3,3
350472,3,3
350473,3,3
350474,3,3
350475,3,3
350476,3,3
350477,3,3
350478,3,3
350479,3,3
350480,3,3
350481,3,3
350482,3,3
350483,3,3
350484,3,3
350485,3,3
350486,3,3
350487,3,3
350488,3,3
350489,3,3
350490,3,3
350491,3,3
350492,3,3
350493,3,3
350494,3,3
350495,3,3
350496,3,3
350497,3,3
350498,3,3
350499,3,3
350500,3,3
350501,3,3
350502,3,3
350503,3,3
350504,3,3
350505,3,3
350506,3,3
350507,3,3
350508,3,3
350509,3,3
350510,3,3
350512,3,3
350513,3,3
350514,3,3
350515,3,3
350516,3,3
350517,3,3
350518,3,3
350907,2,2
351112,7,7
351546,7,8
352107,4,4
353003,3,3
353004,3,3
353005,3,3
353006,3,3
353007,3,3
353008,3,3
353009,3,3
353010,3,3
353011,3,3
353012,3,3
353013,3,3
353014,3,3
353015,3,3
353016,3,3
353017,3,3
353018,3,3
353019,3,3
353020,3,3
353021,3,3
353022,3,3
353023,3,3
353024,3,3
353025,3,3
353026,3,3
353027,3,3
353206,2,2
357990,7,8
358242,6,6
358243,6,6
358352,6,6
359411,6,6
359412,6,6
359418,6,6
359424,6,0
359425,0,0
359426,0,0
359428,0,0
359429,0,0
359430,6,6
359431,6,6
359432,0,0
359433,6,6
359986,3,3
359987,3,3
359988,3,3
359989,3,3
359990,3,3
359991,3,3
359992,3,3
359993,3,3
359994,3,3
359995,3,3
359996,3,3
359997,3,3
359998,3,3
359999,3,3
360000,3,3
360001,3,3
360002,3,3
360003,3,3
360004,3,3
360005,3,3
360006,3,3
360007,3,3
360008,3,3
360009,3,3
360010,3,3
360314,3,3
360315,3,3
360316,3,3
360317,3,3
360318,3,3
360319,3,3
360320,3,3
360321,3,3
360322,3,3
360323,3,3
360324,3,3
360325,3,3
360326,3,3
360327,3,3
360328,3,3
360329,3,3
360330,3,3
360331,3,3
360332,3,3
360333,3,3
360334,3,3
360335,3,3
360336,3,3
360337,3,3
360338,3,3
361584,2,2
361590,2,2
361650,4,4
361651,4,4
361652,4,4
361658,1,0
361661,4,4
361711,4,4
362409,4,4
362532,0,0
362596,0,0
362700,0,0
362843,2,2
362859,2,2
362938,2,2
363533,6,6
363537,6,6
363538,6,6
363541,6,6
363542,6,6
363549,6,6
363550,6,6
363599,4,4
363808,6,1
364485,3,3
364521,2,2
364967,7,8
365150,7,4
365663,0,0
366023,7,7
367265,2,2
369972,4,7
370304,4,7
370313,4,7
371142,2,2
371412,4,7
371867,2,2
372146,4,4
372317,0,0
372318,0,0
372885,4,4
373371,4,4
374621,4,7
375806,4,8
375846,4,7
377107,3,3
377108,3,3
377109,3,3
377110,3,3
377111,3,3
377112,3,3
377113,3,3
377114,3,3
377115,3,3
377116,3,3
377117,3,3
377118,3,3
377119,3,3
377120,3,3
377121,3,3
377122,3,3
377123,3,3
377124,3,3
377125,3,3
377126,3,3
377127,3,3
377128,3,3
377129,3,3
377130,3,3
377131,3,3
377157,3,3
377158,3,3
377159,3,3
377160,3,3
377161,3,3
377162,3,3
377163,3,3
377164,3,3
377165,3,3
377166,3,3
377167,3,3
377168,3,3
377169,3,3
377170,3,3
377171,3,3
377172,3,3
377173,3,3
377174,3,3
377175,3,3
377176,3,3
377177,3,3
377178,3,3
377179,3,3
377180,3,3
377181,3,3
377257,3,3
377258,3,3
377259,3,3
377260,3,3
377261,3,3
377262,3,3
377263,3,3
377264,3,3
377265,3,3
377266,3,3
377267,3,3
377268,3,3
377269,3,3
377270,3,3
377271,3,3
377272,3,3
377273,3,3
377274,3,3
377275,3,3
377276,3,3
377277,3,3
377278,3,3
377279,3,3
377280,3,3
377281,3,3
378541,4,7
380181,7,7
380313,7,8
380947,4,4
381389,4,4
382081,2,2
382087,7,8
382233,7,8
382365,2,2
382471,2,2
385225,3,3
385226,3,3
385227,3,3
385228,3,3
385229,3,3
385230,3,3
385231,3,3
385232,3,3
385233,3,3
385234,3,3
385235,3,3
385236,3,3
385237,3,3
385238,3,3
385239,3,3
385240,3,3
385241,3,3
385242,3,3
385243,3,3
385244,3,3
385245,3,3
385246,3,3
385247,3,3
385248,3,3
385249,3,3
385275,3,3
385276,3,3
385277,3,3
385278,3,3
385279,3,3
385280,3,3
385281,3,3
385282,3,3
385283,3,3
385284,3,3
385285,3,3
385286,3,3
385287,3,3
385288,3,3
385289,3,3
385290,3,3
385291,3,3
385292,3,3
385293,3,3
385294,3,3
385295,3,3
385296,3,3
385297,3,3
385298,3,3
385321,3,3
385322,3,3
385323,3,3
385324,3,3
385325,3,3
385326,3,3
385327,3,3
385328,3,3
385329,3,3
385330,3,3
385331,3,3
385332,3,3
385333,3,3
385334,3,3
385335,3,3
385336,3,3
385337,3,3
385338,3,3
385339,3,3
385340,3,3
385341,3,3
385342,3,3
385343,3,3
385344,3,3
385345,3,3
386970,6,6
386997,4,4
387384,4,4
387393,4,4
387395,4,4
389520,4,7
390259,7,7
390878,2,2
390888,0,0
390890,2,2
391138,1,1
391177,1,1
391183,1,0
391190,0,0
391197,1,1
391198,0,0
391199,1,1
391302,2,2
391304,2,2
391602,1,1
391603,1,0
391615,1,1
392527,4,4
393435,0,0
393437,0,0
393439,0,0
393443,0,0
393449,0,0
393451,4,4
393457,0,0
393459,0,0
394026,0,0
398278,4,0
398281,4,0
398286,4,4
398459,4,4
399221,2,2
399463,4,4
400788,2,2
401281,4,7
401405,2,2
404329,4,0
404330,2,2
404331,2,2
404527,4,4
404544,1,1
404547,4,1
404549,4,4
404550,1,1
404617,4,2
404640,0,0
404642,0,0
404646,6,1
404946,4,1
405033,4,4
405713,4,4
406091,4,7
407093,2,2
407099,2,2
407100,2,2
407120,4,2
408675,2,8
409336,2,7
410220,2,2
410621,4,7
411706,3,3
411707,3,3
411708,3,3
411709,3,3
411731,3,3
411732,3,3
411733,3,3
411734,3,3
411735,3,3
411736,3,3
411737,3,3
411738,3,3
411739,3,3
411740,3,3
411741,3,3
411742,3,3
411743,3,3
411744,3,3
411745,3,3
411746,3,3
411747,3,3
411748,3,3
411749,3,3
411750,3,3
411751,3,3
411752,3,3
411753,3,3
411754,3,3
411755,3,3
414282,2,2
414283,2,2
414284,2,2
414285,2,2
414286,2,2
414287,2,2
414288,2,2
414289,2,2
414290,2,2
414291,2,3
414292,2,2
414294,2,2
414296,2,2
414297,2,2
414298,2,2
414928,4,4
415666,2,2
415670,2,2
415671,2,2
415774,2,2
415775,2,2
415776,2,2
415777,2,2
415854,2,2
416193,7,7
417270,2,2
417515,4,4
418776,2,2
422071,4,4
422720,2,2
423284,4,4
424466,4,4
426200,4,2
426202,4,2
426203,4,4
426204,4,2
426387,0,0
427317,2,2
428823,2,3
429192,2,2
430120,4,4
430382,4,4
430388,4,4
430389,4,4
430394,4,4
431176,2,2
431177,2,2
432113,2,3
432276,2,2
435226,4,4
435227,2,2
435239,2,2
435240,4,4
436476,2,2
437957,2,3
437977,2,2
438591,4,4
438597,4,4
439476,3,3
439477,3,3
439478,3,3
439479,2,2
439480,3,3
439481,3,3
439482,3,3
439483,3,3
439484,3,3
439485,3,3
439487,3,3
439488,3,3
439489,3,3
439490,3,3
439491,3,3
439492,3,3
439493,3,3
439494,3,3
439495,3,3
439496,3,3
439497,3,3
439499,3,3
439500,3,3
440461,3,3
441032,3,3
442210,3,3
444532,3,3
444590,3,3
451332,3,3
452455,3,3
456429,3,3
465147,3,3
465962,3,3
475394,3,3
479626,1,1
479635,1,1
480947,3,3
482032,3,3
493734,3,3
493737,3,3
498373,3,3
498374,3,3
512994,3,3
520474,3,3
524156,0,0
524163,0,0
524166,0,0
524167,0,0
524168,0,0
524172,0,0
524175,0,0
524240,0,0
525741,0,0
525868,0,0
525884,0,0
525992,0,0
525994,0,0
525997,0,0
526032,0,0
526040,0,0
526041,0,0
526042,0,0
526043,0,0
526045,0,0
526046,0,0
526441,0,0
526545,0,0
526555,0,0
526560,0,0
526979,0,0
527398,0,0
527409,0,0
527444,0,0
528357,0,0
528497,0,0
528502,0,0
528503,0,0
528506,0,0
528508,0,0
529028,2,2
529029,2,2
529852,0,0
529876,0,0
529878,0,0
529880,0,0
530527,2,2
531332,2,2
534357,2,2
534359,2,2
534367,2,2
535543,7,4
537132,2,2
537139,2,2
537140,2,2
537145,2,2
542410,3,3
542412,3,2
545489,3,3
549237,3,3
549245,3,2
549696,7,7
550425,7,7
550536,1,1
551915,7,4
556888,0,0
556900,0,0
558126,0,0
558128,0,0
558141,0,0
560190,4,4
560205,4,4
561353,0,0
561381,4,4
562520,0,0
564526,4,4
564543,4,4
564545,4,4
565778,2,2
565959,2,2
566289,6,6
566290,6,2
566401,2,2
567130,2,3
567151,6,6
569082,0,0
571700,0,0
573951,0,0
573953,0,0
573955,0,0
573956,0,0
573957,0,0
573958,0,0
573959,0,0
573961,0,0
574229,0,0
574232,0,0
574247,0,0
574513,0,0
574514,0,0
575715,2,2
576071,3,3
577877,0,0
579929,0,0
581671,2,2
581803,2,3
581810,2,3
582021,2,2
585402,2,2
585951,2,2
586283,0,0
586285,0,0
586421,2,2
586424,0,0
586426,0,0
586428,0,0
586431,0,0
586434,0,0
586435,0,0
586437,0,0
586441,0,0
586560,0,0
586563,0,0
586565,0,0
586624,0,0
586626,0,0
586628,0,0
586630,0,0
586656,0,0
586657,0,0
586660,0,0
586661,0,0
586663,0,0
586705,0,0
586707,0,0
586711,0,0
586712,0,0
586713,0,0
586715,0,0
586840,0,0
586841,0,0
586889,0,0
587062,0,0
587188,0,0
587193,0,0
587194,0,0
587199,0,0
587200,0,0
587201,0,0
587202,0,0
587203,0,0
587204,0,0
587205,0,0
587206,0,0
587207,0,0
587208,0,0
587209,0,0
587210,0,0
587290,0,0
587293,0,0
587297,0,0
587299,0,0
587300,0,0
587301,0,0
587303,0,0
587305,0,0
587307,0,0
587308,0,0
587309,0,0
587310,0,0
587511,0,0
587513,0,0
587514,0,0
587515,0,0
587516,0,0
587525,0,0
587528,0,0
587529,0,0
587530,0,0
587704,0,0
587705,0,0
587706,0,0
587707,0,0
587712,0,0
587715,0,0
587719,0,0
587721,0,0
587723,0,0
587730,0,0
587731,0,0
587736,0,0
587737,0,0
587740,0,0
587748,0,0
587800,0,0
587801,0,0
587802,0,0
587807,0,0
587810,0,0
587814,0,0
587816,0,0
587817,0,0
587820,0,0
587821,0,0
587870,0,0
587919,0,0
587926,0,0
587929,0,0
587984,0,0
587989,0,0
587991,0,0
587992,0,0
587994,0,0
587998,0,0
587999,0,0
588000,0,0
588003,0,0
588052,0,0
588111,0,0
588112,0,0
588113,0,0
588115,0,0
588116,0,0
588117,2,2
588118,0,0
588119,0,0
588120,0,0
588122,0,0
588165,0,0
588167,0,0
588168,0,0
588170,0,0
588173,0,0
588175,0,0
588181,0,0
588189,0,0
588191,0,0
588192,0,0
588194,0,0
588200,0,0
588201,0,0
588568,0,0
588569,0,0
588571,0,0
588572,0,0
588574,0,0
588575,0,0
588576,0,0
588577,0,0
588578,2,2
588582,2,2
588586,0,0
588587,0,0
588588,0,0
588589,0,0
588591,0,0
588720,0,0
588731,0,0
588823,0,0
588824,0,0
588828,0,0
588834,0,0
588836,0,0
588838,0,0
588845,0,0
589047,0,0
589059,0,0
589119,0,0
589124,0,0
589143,0,0
589161,0,0
589312,0,0
589313,0,0
589315,0,0
589318,0,0
589319,0,0
589320,0,0
589322,0,0
589323,0,0
589324,0,0
589405,2,2
589519,0,0
589520,0,0
589522,0,0
589526,0,0
589528,0,0
589529,0,0
589531,0,0
589532,0,0
589534,0,0
589535,0,0
589539,0,0
589540,0,0
589596,0,0
589600,0,0
589601,0,0
589602,0,0
589603,0,0
589606,0,0
589607,0,0
589608,0,0
589935,0,0
589937,0,0
589939,0,0
589942,0,0
590000,0,0
590001,2,2
590004,0,0
590006,0,0
590009,0,0
590011,0,0
590013,0,0
590015,0,0
590067,0,0
590069,0,0
590071,0,0
590072,0,0
590073,0,0
590074,0,0
590077,0,0
590078,0,0
590079,0,0
590080,0,0
590083,0,0
590084,0,0
590085,0,0
590086,0,0
590088,0,0
590121,0,0
590125,0,0
590128,0,0
590131,0,0
590133,0,0
590308,0,0
590312,0,0
590313,0,0
590314,0,0
590317,0,0
590318,0,0
590323,0,0
590360,0,0
590409,0,0
590410,0,0
590412,0,0
590417,0,0
590418,0,0
590475,0,0
590477,0,0
590478,0,0
590479,0,0
590480,0,0
590481,0,0
590483,0,0
590484,0,0
590485,0,0
590486,0,0
590488,0,0
590562,0,0
590564,0,0
590565,0,0
590568,0,0
590569,0,0
590573,0,0
590663,0,0
590669,0,0
590686,0,0
590690,0,0
590770,0,0
590772,0,0
590774,0,0
590776,0,0
590786,0,0
590909,0,0
590914,0,0
590915,0,0
590916,0,0
591135,0,0
591136,0,0
591142,0,0
591145,0,0
591354,0,0
591355,0,0
591358,0,0
591359,0,0
591361,0,0
591363,0,0
591378,0,0
591379,0,0
591382,0,0
591383,0,0
591385,0,0
591387,0,0
591509,0,0
591519,0,0
591634,0,0
591635,0,0
591645,0,0
591646,0,0
591648,0,0
591649,0,0
591650,0,0
591651,0,0
591653,0,0
591654,0,0
591658,0,0
591965,0,0
592018,0,0
592020,0,0
592023,0,0
592029,0,0
592033,0,0
592040,0,0
592143,0,0
592151,0,0
592371,0,0
592488,0,0
592490,0,0
592493,0,0
592579,0,0
592864,3,3
592996,3,3
594062,3,3
594703,2,2
594796,4,4
594804,4,0
594816,2,2
595039,4,4
595443,2,2
595455,2,2
597953,6,6
597956,3,3
598663,4,4
598664,2,2
598665,4,4
598788,4,2
599918,4,7
599929,4,2
601333,7,8
601957,4,7
603682,3,3
603685,2,2
603757,2,2
603926,3,3
603928,3,3
603929,3,3
603930,3,3
603931,3,3
603932,3,3
604808,2,2
604818,2,2
606130,2,2
608166,0,0
608547,2,2
608960,2,2
610381,6,6
610382,6,6
610383,6,6
610392,6,6
610866,2,2
610867,2,2
611309,4,4
611322,0,0
611635,2,2
612108,4,4
612358,2,2
613626,4,4
614127,2,2
615775,2,2
615776,4,4
616307,0,0
616508,0,0
616509,0,6
616512,0,0
616514,4,6
616518,0,0
616520,0,0
616521,0,0
616522,0,6
616523,0,0
616524,0,0
616526,0,0
616528,0,0
616703,0,0
618646,4,4
620832,4,0
623772,0,0
625326,4,4
627924,0,0
627926,0,0
627927,0,0
627928,0,0
627929,0,0
627930,0,0
627934,0,0
627938,0,0
627939,0,0
627940,0,0
628069,0,0
628070,0,0
628071,0,0
628072,0,0
628073,0,0
628074,0,0
628075,0,0
628076,0,0
628077,0,0
628103,0,0
628128,0,0
628132,0,0
628148,0,0
628150,0,0
628155,0,0
628162,0,0
628164,0,0
628166,0,0
628219,0,0
628354,0,0
628417,0,0
628486,0,0
628748,0,0
629209,0,0
629211,0,0
629214,0,0
629219,0,0
629221,0,0
629222,0,0
629228,0,0
629229,0,0
629231,0,0
629233,0,0
629241,0,0
629243,0,0
629244,0,0
629250,0,0
629251,0,0
629417,0,0
629420,0,0
629424,0,0
629426,0,0
629430,0,0
629475,0,0
629485,0,0
629503,0,0
629507,0,0
629513,0,0
629514,0,0
629558,0,0
629564,0,0
629569,0,0
629598,0,0
629600,0,0
629601,0,0
629602,0,0
629603,0,0
629604,0,0
629605,0,0
629606,0,0
629608,0,0
629609,0,0
629610,0,0
629611,0,0
629612,0,0
629616,0,0
629619,0,0
629620,0,0
629834,0,0
629844,0,0
629848,0,0
629850,0,0
629851,0,0
629852,0,0
629941,0,0
629951,0,0
629952,0,0
630225,0,0
630267,0,0
630273,0,0
630275,0,0
630915,0,0
630916,0,0
630995,0,0
630998,0,0
631002,0,0
631003,0,0
631004,0,0
631006,0,0
631009,0,0
631014,0,0
631017,0,0
631022,0,0
631023,0,0
631024,0,0
631025,0,0
631028,0,0
631768,6,6
634386,4,4
634387,4,4
634405,4,4
635958,4,2
639579,6,6
640006,4,4
640074,0,0
640860,4,4
640863,4,7
640870,0,0
640879,2,2
640930,2,4
640946,2,7
641028,2,2
641122,4,4
641137,7,8
641193,2,2
641201,0,0
641311,0,0
641636,0,2
641888,2,6
641899,2,6
642310,2,2
642610,0,7
642805,7,4
642886,2,4
642903,4,4
642904,4,8
643258,4,4
643549,2,2
643552,4,0
643636,4,0
643646,4,4
643662,4,4
643811,2,4
643821,0,8
643825,4,8
643826,4,8
643866,7,4
643870,7,4
644070,2,8
644107,4,0
644803,1,1
644856,4,2
645030,4,4
645100,2,2
645126,2,1
645501,2,2
645649,5,5
645655,4,4
645666,4,4
645699,3,2
645713,4,4
645810,4,4
645959,2,2
645963,7,7
645967,2,2
645972,0,4
645974,4,4
645988,2,2
645993,2,6
646177,0,0
646351,7,7
646615,4,8
646764,0,0
646774,4,4
646956,7,4
646967,0,0
646981,4,4
647018,0,0
647061,4,4
647064,4,7
647268,4,4
647755,4,4
648327,0,0
648337,4,8
648466,2,8
648471,2,8
648645,2,2
648915,4,4
649100,7,7
649142,2,2
649446,4,4
649507,4,4
649671,7,4
650252,4,4
650362,0,0
650377,6,6
650382,2,2
650384,4,8
650474,2,2
650491,2,2
650574,4,4
650587,4,4
650670,2,2
650678,2,2
650750,0,0
650751,7,4
650752,2,2
650756,3,3
650802,2,2
650803,2,2
651044,2,2
651050,7,8
651084,2,8
651378,0,0
651816,0,0
651868,2,2
651923,4,7
651936,0,0
652005,7,4
652009,2,2
652100,2,2
652177,6,6
652221,4,4
652287,2,2
652366,2,2
652430,2,2
652446,4,4
652729,4,2
652736,5,5
652746,2,2
652803,7,4
652816,4,4
652958,7,8
652964,2,2
652969,0,0
653123,1,4
653153,2,2
653368,3,3
653445,4,4
653455,4,4
653460,2,2
653637,4,4
654173,2,2
654225,4,4
654229,6,6
654285,4,0
654293,2,6
654457,4,7
654469,2,2
654743,2,2
654753,2,2
654861,2,2
654874,2,2
654908,4,4
654909,0,4
654913,2,2
655092,2,2
655101,4,4
655458,4,2
655464,4,2
655541,4,4
655546,4,4
655595,4,2
656050,4,1
656062,2,2
656335,2,4
656344,0,0
656347,4,4
656603,4,4
656618,2,2
656636,2,8
656643,4,4
657012,4,8
657021,7,4
657140,4,4
657145,2,2
657394,2,2
657407,2,2
657640,4,4
657650,2,2
658021,2,2
658215,4,4
658327,7,8
658370,2,2
658462,2,2
658639,2,2
658649,4,4
658699,4,4
658701,2,4
658709,6,6
658823,4,4
658950,2,2
658995,2,2
659176,4,4
659180,6,6
659558,4,4
660001,2,2
660120,7,7
660260,7,4
660538,7,4
660617,4,4
660621,4,4
662235,4,4
665395,2,3
666070,4,4
671622,4,4
673809,0,0
673812,2,3
673823,2,8
673826,1,1
673830,4,4
673884,3,3
673886,4,4
673898,4,4
673901,4,4
673904,4,4
673905,4,4
674063,4,4
674065,4,4
674066,4,1
674068,1,1
674070,1,1
674072,1,1
674078,4,1
675062,6,6
675063,5,5
675384,7,8
675442,7,4
675445,4,4
676343,4,4
677497,4,4
677591,0,0
677701,7,8
677750,4,4
677895,7,8
677904,2,2
678181,2,2
678471,0,0
678474,0,0
678477,0,0
678480,0,0
678481,0,0
678668,6,6
678670,6,0
678673,0,0
678827,4,7
678928,0,4
678930,7,8
679058,4,4
679067,2,2
679072,4,4
679291,0,0
679541,3,3
679547,7,4
679550,7,8
679658,1,1
679659,2,2
679661,2,2
679672,4,4
679681,6,0
679739,0,0
679742,2,2
679746,4,1
679908,2,2
680035,4,4
680041,0,0
680052,4,4
680120,2,4
680125,4,4
680180,7,8
680189,4,8
680458,4,4
680459,2,2
680466,4,4
680467,2,2
680502,4,4
680504,1,4
680518,2,2
680519,4,4
680520,4,4
680554,4,4
680555,4,4
680556,2,2
680559,2,2
680560,4,4
680563,4,8
680569,0,0
680604,2,2
680612,3,3
680613,2,2
680615,2,2
680616,4,0
680618,4,1
680678,4,1
680683,0,4
680684,1,4
680686,4,4
680688,0,0
680689,4,4
680760,4,4
680762,1,1
680765,1,1
680882,2,2
680889,2,2
680890,4,7
680894,2,2
680896,4,1
680898,1,1
680900,4,4
681209,6,6
681225,1,1
681458,1,1
681463,4,4
681464,4,4
681465,2,2
681511,2,2
681514,2,2
681517,1,1
681524,4,4
681526,4,4
681555,2,2
681559,1,1
681770,4,4
681771,1,4
681807,1,1
681812,4,4
681821,4,4
681823,0,0
682193,4,4
682625,2,2
682628,4,8
682630,4,4
682659,4,4
682667,4,7
682730,4,4
683328,2,2
683346,2,2
683351,2,2
683678,4,4
683679,1,1
683686,0,0
683707,4,4
683714,4,4
683715,4,1
683721,4,4
683723,4,4
683724,4,4
683727,4,1
683728,4,4
684445,4,4
684915,2,2
685126,2,2
685593,2,2
685733,7,7
685869,0,8
686133,7,4
686287,0,8
686417,4,7
686798,2,8
686845,2,2
686863,0,0
686900,7,4
687261,7,2
687357,4,4
687746,4,4
688102,7,8
688237,4,4
688269,0,8
688589,4,8
688979,2,2
689172,7,7
689478,7,0
689546,6,6
689547,4,4
689586,2,2
689991,4,4
690002,2,2
690085,4,7
690091,4,4
690102,4,4
690122,0,0
690170,4,2
690534,4,2
690564,2,2
690623,4,4
690627,4,0
690646,0,0
690649,4,4
690748,4,4
690765,2,4
690796,2,2
690845,2,8
690908,4,7
690914,4,4
691118,2,2
691127,7,8
691132,3,3
691138,7,8
691139,0,0
691316,4,4
691320,2,2
691365,2,2
691371,0,0
691383,2,2
691737,4,7
691756,2,2
691850,0,0
691959,2,2
692145,2,2
692265,7,4
692269,2,2
692272,2,2
692282,3,3
692304,7,4
692308,2,2
692460,2,2
692470,0,0
692688,4,8
692693,2,2
692886,4,2
692891,7,4
692893,2,2
692896,2,2
692900,2,2
693117,2,2
693125,2,2
693412,4,0
693567,7,4
693705,0,0
693707,4,8
693846,7,4
693903,4,4
694219,4,4
694518,7,8
694656,4,4
694703,0,0
694765,4,2
695472,6,6
695474,0,4
695712,2,2
695713,2,2
696030,4,4
696031,4,4
696035,7,4
696722,2,2
697625,4,2
697627,2,2
697788,2,3
697896,2,2
697906,2,2
697998,2,2
698204,2,2
698396,2,2
698523,2,2
698533,0,0
698816,2,2
699298,2,3
700303,6,6
700436,2,3
700453,4,4
700458,2,2
700575,0,0
700581,2,2
701226,4,2
701264,2,2
701269,2,2
701398,0,0
702023,5,5
702546,0,0
702631,4,4
703130,2,2
703140,4,4
703405,4,4
703410,4,2
703414,3,3
703642,0,0
704172,0,0
704206,2,2
704624,6,6
704741,4,4
704855,6,6
705111,2,6
705224,6,6
705232,3,3
705604,4,8
706092,2,2
706203,2,2
706492,2,3
706518,2,2
706879,2,2
707508,2,2
708269,2,2
708430,6,6
708444,4,4
708667,2,2
708813,7,7
708821,2,2
709932,2,2
710013,2,2
710048,2,2
710054,2,2
710076,4,4
711248,6,6
711259,2,2
711826,2,2
712019,0,0
712031,4,8
712064,7,8
712662,4,7
712733,0,8
712762,2,2
712771,2,2
712776,2,3
713069,0,0
713292,2,8
713293,2,2
713295,2,2
713298,3,2
713299,2,6
713300,2,8
713301,2,6
713302,3,8
713833,2,2
714005,0,0
714028,0,0
714277,7,7
714300,5,5
714694,4,8
715361,2,2
715381,4,4
715647,4,8
715687,4,4
716097,2,2
716106,2,2
716108,2,2
716112,2,2
716116,2,2
716276,2,8
716278,2,2
716280,2,2
716421,2,2
716701,4,4
716704,3,3
716709,3,3
716724,2,2
716730,2,2
716745,3,3
716777,3,2
716787,3,3
716794,7,8
717054,7,7
717261,0,0
717332,2,2
717334,4,4
717410,4,4
717469,2,2
717623,4,8
717806,4,4
718531,2,2
718547,4,8
718734,7,8
718837,2,2
718854,4,4
719140,2,2
719147,4,8
719152,2,2
719230,2,2
719413,4,4
719424,4,4
719638,4,0
719685,2,2
720151,7,8
720156,2,7
720319,0,0
720537,7,8
720779,4,4
721438,4,4
721599,2,2
721785,2,2
721788,2,2
721922,4,4
721993,2,4
721995,6,6
722015,0,0
722022,2,2
722170,4,4
722190,4,2
722448,0,4
722450,3,3
722491,2,2
722501,0,8
722506,0,0
722552,4,4
722553,7,7
722562,4,8
722931,0,0
723007,3,3
723125,3,3
723161,3,3
723163,3,3
723166,2,2
723169,4,4
723172,0,0
723177,3,3
723228,3,4
723231,4,4
723360,3,3
723371,3,3
723374,3,3
723384,3,3
723639,3,3
723869,3,3
723874,3,8
724068,2,2
724072,2,8
724074,4,2
724256,0,0
724261,2,2
724273,3,3
724558,3,2
724572,4,4
724684,0,0
724699,3,3
724707,0,0
724710,7,4
724738,4,2
724739,3,3
724753,2,2
724881,2,2
724887,3,3
725032,6,6
725036,2,2
725051,3,3
725076,0,0
725146,7,7
725156,7,7
725182,7,7
725188,7,7
725251,7,7
725556,4,8
725561,4,4
725619,2,2
725694,7,7
725705,2,2
725799,5,5
725804,2,2
725812,0,0
726038,2,2
726263,2,2
726308,4,2
726619,4,0
726620,1,4
726675,4,8
726888,4,4
726897,4,4
727034,6,4
728212,3,3
728213,3,3
728214,3,3
728215,3,3
728216,3,3
728217,3,3
728218,3,3
728219,3,3
728220,3,3
728221,3,3
728222,3,3
728223,3,3
728224,3,3
728225,3,3
728226,3,3
728227,3,3
728228,3,3
728229,3,3
728230,3,3
728231,3,3
728232,3,3
728233,3,3
728234,3,3
728235,3,3
728236,3,3
728287,3,3
728288,3,3
728289,3,3
728290,3,3
728291,3,3
728292,3,3
728293,3,3
728294,3,3
728295,3,3
728296,3,3
728297,3,3
728298,3,3
728299,3,3
728300,3,3
728301,3,3
728302,3,3
728303,3,3
728304,3,3
728305,3,3
728306,3,3
728307,3,3
728308,3,3
728309,3,3
728310,3,3
728311,3,3
728696,5,5
728771,5,5
728797,5,5
728805,7,4
728817,4,2
729158,4,4
729163,2,4
729219,3,3
729740,7,7
729762,4,4
729811,4,2
730608,2,2
730610,2,2
730794,4,1
730990,7,7
731259,3,3
731272,3,3
731277,4,2
731431,2,2
731623,7,8
731659,4,7
731788,2,2
731791,4,4
731801,4,4
732093,0,0
732108,0,0
732140,4,0
732155,2,2
732158,4,0
732601,2,2
732606,4,4
732915,2,2
732930,4,4
732934,4,7
733052,0,0
733591,2,8
733667,4,4
733675,7,7
733856,2,2
734059,0,0
734464,7,8
734466,4,4
734748,2,2
734856,3,3
734863,2,2
734869,4,7
734929,2,2
734967,7,4
735070,4,4
735217,2,2
735227,2,2
735363,7,6
735365,4,7
735380,2,2
735514,2,2
735518,7,4
735585,2,2
735609,2,2
736315,2,2
736317,2,2
736319,2,2
736321,2,2
736362,4,4
736364,4,2
736683,2,2
736730,2,2
737098,6,6
737351,4,4
737835,2,4
737837,2,2
737966,4,4
738672,4,7
739043,6,6
739044,4,2
739095,4,6
739222,2,2
739228,2,2
739230,2,2
739245,4,4
739328,4,4
739505,2,2
739536,4,7
739589,7,4
739878,0,0
739951,0,0
740074,4,7
742570,2,2
743197,3,3
743198,3,3
743204,3,3
743205,3,3
743208,3,3
743209,3,3
743211,3,3
743212,3,3
743215,3,3
743216,3,3
743217,3,3
743322,2,2
743767,2,3
743769,3,3
743770,3,3
743772,3,3
743784,3,3
743790,2,2
743807,3,2
743811,6,6
743843,3,3
743845,3,3
743847,3,3
743848,3,3
743849,3,3
743850,3,3
743851,3,3
743852,3,2
743853,2,3
743854,3,3
743855,3,3
743857,3,3
743859,3,3
743860,2,2
743861,3,3
743862,3,3
743863,3,3
743865,3,3
743991,3,3
743992,2,2
743993,3,3
743994,3,3
743995,3,3
743997,3,3
743998,2,3
743999,2,3
744000,3,3
744001,2,3
744002,3,3
744003,3,3
744004,3,3
744005,3,3
744006,3,3
744007,2,2
744008,2,3
744009,2,2
744011,3,3
744012,3,3
744013,3,3
744015,2,2
744141,3,3
744142,3,3
744143,3,3
744144,3,3
744145,3,3
744146,3,3
744147,3,3
744148,3,3
744149,3,3
744150,3,3
744151,3,3
744152,3,3
744153,3,3
744154,3,3
744155,3,3
744156,2,2
744157,3,3
744158,3,3
744159,2,3
744160,3,3
744161,3,3
744162,3,3
744163,3,3
744164,3,3
744165,3,3
744456,2,8
744515,2,2
744555,7,7
744564,7,8
744679,2,2
744680,7,8
744688,2,8
744689,7,4
744759,4,4
745017,2,2
745348,5,5
745371,5,5
745560,4,7
745685,4,4
745893,2,2
745897,4,4
745902,2,2
746289,4,7
747591,6,6
747821,4,4
747871,2,2
748754,2,2
749438,5,5
749813,4,4
750688,6,6
750768,2,2
751700,4,4
752875,4,4
752876,4,1
753970,0,0
754856,4,4
754861,4,0
754866,4,4
755041,1,1
755370,4,4
755380,2,4
755382,4,8
755386,4,0
755906,4,4
755914,4,4
755916,4,1
755985,2,2
755992,4,7
756210,4,4
756240,4,4
756401,2,2
756417,4,4
756418,4,4
756500,0,0
756503,2,2
756506,2,2
756507,2,2
756509,2,2
756510,6,6
756513,2,2
756516,2,2
756547,2,2
756550,2,2
756559,2,2
756621,2,2
756635,2,8
756639,2,8
756645,2,2
756699,2,2
756700,2,3
756712,2,2
756714,2,2
756715,3,2
756828,2,2
756837,2,2
756845,2,2
756923,2,2
756927,7,8
756929,4,4
756937,2,2
756938,2,2
756939,2,2
756942,2,2
757102,2,2
757108,2,2
757114,2,2
757115,2,2
757119,2,2
757197,2,2
757201,2,2
757208,2,2
757209,2,2
757213,2,2
757215,2,2
757218,2,2
757246,2,2
757248,2,3
757250,2,2
757251,2,2
757254,2,2
757264,2,2
757267,2,2
757268,2,2
757270,2,2
757390,7,4
757413,2,2
757454,2,2
757466,2,2
757469,2,2
757483,2,2
757694,2,2
757700,2,2
757703,0,0
757709,2,0
757713,2,2
758175,2,2
758181,4,2
758262,2,2
758272,2,2
758273,2,2
758275,2,3
758277,2,2
758278,2,2
758285,2,2
758463,2,2
758465,2,2
758560,4,4
758568,4,4
758577,2,2
758586,4,4
758596,2,2
758622,2,2
758665,2,2
758667,2,2
758677,2,2
758684,2,0
758691,4,4
758692,2,2
758694,2,2
758695,2,2
758705,2,2
758762,4,4
759148,0,0
759149,6,6
759431,4,0
759432,7,7
759433,5,5
759533,2,2
759902,0,0
760287,0,0
760298,6,6
760429,2,2
760432,2,4
760582,0,0
760584,0,0
760594,0,0
760942,0,0
761120,4,4
761169,0,0
761179,0,0
761316,7,4
761325,7,4
761718,4,4
761730,0,0
761759,0,0
761760,2,2
761763,2,2
762005,4,0
762021,0,0
762057,0,0
762062,0,0
762065,0,0
762167,2,3
762173,7,7
762181,4,4
762192,0,0
762195,0,0
762196,0,0
762255,4,0
762274,0,8
762580,0,0
762758,0,0
762774,7,4
762877,0,0
762886,2,2
762887,0,0
762891,0,0
762895,2,2
763028,2,1
763031,6,1
763038,0,0
763042,1,1
763043,2,2
763050,0,0
763053,2,2
763059,5,5
763183,4,8
763188,4,4
763189,6,6
763229,4,0
763231,0,0
763237,0,0
763238,4,6
763242,6,6
763251,5,5
763391,4,7
763477,2,2
763490,1,1
763695,1,1
763707,0,0
763708,4,4
763800,2,8
763802,2,2
763804,2,8
763806,2,2
763808,2,2
763810,2,8
763812,2,2
763953,2,2
763970,4,8
764026,2,8
764027,3,3
764028,3,3
764029,3,2
764031,3,3
764038,3,3
764097,3,3
764099,3,3
764100,3,3
764101,3,3
764103,3,3
764104,2,3
764105,2,3
764106,3,3
764107,3,3
764108,3,3
764109,3,3
764110,3,3
764111,3,3
764112,3,3
764113,3,3
764114,3,3
764115,2,3
764116,3,3
764118,3,3
764119,3,2
764322,4,0
764323,0,0
764324,0,0
764325,0,0
764326,0,0
764330,0,0
764331,0,0
764332,0,0
764333,0,0
764334,2,2
764335,0,0
764336,0,0
764337,0,0
764338,0,0
764339,0,0
764340,0,0
764341,0,0
764342,0,2
764343,0,0
764344,0,0
764345,0,0
764347,0,0
764356,4,4
764357,0,0
764358,0,0
764362,2,2
764370,3,3
764472,0,0
764473,0,2
764476,0,0
764477,2,2
764479,0,0
764480,0,0
764482,2,2
764483,0,0
764484,0,0
764485,0,0
764486,2,2
764490,0,0
764492,0,0
764493,0,4
764494,0,0
764495,0,2
764496,0,0
764574,0,0
764577,6,6
764578,6,6
764579,6,6
764580,6,6
764581,2,6
764582,6,6
764583,6,6
764584,6,6
764585,6,6
764586,6,6
764587,5,5
764588,6,6
764589,6,6
764590,4,3
764591,3,3
764592,6,6
764593,6,6
764594,6,6
764595,2,6
764596,5,5
764722,4,4
764723,4,4
764727,0,0
764728,0,0
764730,0,0
764731,4,4
764732,4,4
764733,4,4
764734,0,0
764735,4,4
764736,4,4
764737,4,4
764740,4,4
764741,0,4
764744,4,4
764829,3,3
764830,3,3
764831,3,3
764833,2,2
764834,2,3
764835,3,3
764836,3,3
764837,3,3
764840,3,3
764842,6,6
764846,4,6
764848,0,0
764850,0,0
764851,0,0
764852,0,0
764853,0,0
764933,0,0
764934,4,2
764945,4,0
764951,0,0
765257,2,2
765381,2,2
765386,3,3
765771,4,4
765985,2,2
765988,6,6
766041,4,2
766158,2,2
766203,2,2
766204,2,2
766352,2,2
766355,2,7
766356,2,2
766363,2,3
766365,4,4
766369,4,8
766504,3,2
766514,2,2
766518,2,2
766519,4,8
766797,2,2
766798,2,2
766807,2,6
766809,2,8
766921,6,5
766924,2,2
766925,6,6
766926,2,2
766931,2,2
766936,2,2
766941,2,2
766952,2,2
766969,2,2
766996,2,2
767000,2,2
767004,3,2
767019,2,2
767254,4,2
767259,2,2
767266,2,2
767297,2,2
767300,4,2
767319,2,2
767356,2,2
767357,4,7
767363,2,2
767369,2,2
767681,2,2
767683,4,4
767686,6,6
767688,2,3
767702,2,2
767703,2,2
767710,4,8
767716,2,2
767719,2,2
767770,7,8
767772,2,3
767781,2,2
767783,7,4
767785,2,2
767789,2,2
767790,2,7
767980,2,2
767990,2,2
767992,4,4
768226,2,2
768385,4,7
768396,2,2
768449,2,2
768459,2,8
768675,2,2
768680,7,8
768692,4,8
768724,2,2
768732,2,2
768734,0,0
768921,2,8
768942,2,2
769243,2,2
769301,0,0
769415,7,8
769596,2,2
769602,2,8
769604,2,2
769608,2,2
769613,2,2
769614,2,2
769698,2,2
769702,2,2
769703,2,2
769819,4,4
769833,2,2
770066,2,2
770077,4,4
770087,2,2
770094,2,2
770098,2,2
770217,2,2
770221,7,7
770225,7,4
770229,4,7
770839,7,7
770843,2,2
770850,2,2
770912,2,2
770925,7,8
770929,4,7
771345,7,8
771691,2,2
771701,4,2
771704,4,4
771987,2,8
772003,2,2
772457,2,2
772675,0,0
772682,7,4
772692,7,8
772795,2,2
772806,2,3
772814,4,2
773053,2,2
773054,2,2
773126,4,8
773253,0,0
773442,2,2
773856,4,8
774221,6,6
774224,7,8
774225,4,4
774230,6,6
774476,0,0
774497,2,8
774624,3,8
774754,0,0
774804,4,4
774805,4,8
774817,0,0
774858,0,0
774862,0,0
774910,2,8
774980,0,0
774981,0,0
775075,2,8
775076,3,8
775077,2,2
775187,3,3
775189,3,3
775193,3,3
775194,3,3
775195,3,3
775494,3,3
775495,3,3
775496,3,3
775520,3,8
775521,2,3
775523,3,8
775525,3,8
775532,2,8
775537,2,8
775596,2,8
775601,2,8
775603,3,8
775609,2,8
775617,3,8
777530,7,8
777535,4,7
777599,4,4
777662,7,4
777757,4,8
778402,7,4
778470,4,7
778548,2,2
778691,7,8
779179,7,8
779238,2,2
779480,2,2
779574,2,2
779585,2,2
779615,7,4
779899,2,2
779917,4,4
779923,7,8
779958,2,8
780181,2,8
780447,2,2
780712,2,2
780732,2,8
781262,2,2
781498,7,8
781508,2,2
781600,2,4
781729,7,8
781741,2,2
782468,4,4
782516,2,2
782632,4,1
782638,4,4
782642,4,8
783393,4,4
783595,7,8
784050,2,2
784638,0,0
784690,2,2
785644,2,2
786078,3,3
786313,3,3
786419,4,2
786430,4,7
786916,4,4
787095,7,7
787272,3,3
787285,7,8
787381,2,2
787390,2,2
787517,4,2
787565,4,7
787663,4,4
787665,7,8
788000,4,7
788001,7,8
788091,4,4
788108,7,7
788227,2,2
788228,4,4
788280,2,2
788285,4,4
788316,2,3
788317,2,3
788318,3,3
788319,3,3
788320,3,3
788321,3,3
788322,2,3
788323,3,3
788324,3,3
788325,3,3
788326,3,3
788327,3,2
788328,3,2
788329,3,3
788330,3,3
788331,3,3
788332,3,3
788333,3,3
788334,3,3
788335,2,2
788336,3,3
788337,3,3
788338,2,3
788339,3,3
788340,3,2
788675,7,4
788706,7,8
789079,7,8
789574,2,8
789966,4,2
789973,4,8
789975,4,4
789981,4,8
790223,4,2
790228,7,2
790234,2,2
791228,7,4
791230,2,2
791567,4,4
791571,2,2
791572,2,2
791758,4,4
791777,2,2
791781,3,3
791842,2,2
791844,2,2
791849,2,2
791909,2,8
791920,2,8
791924,3,3
791926,0,0
791960,2,2
792093,2,2
792713,7,7
793192,2,2
793196,2,2
793200,3,3
793215,4,4
793240,3,3
793323,2,2
793329,2,2
793528,7,7
793532,2,3
793537,2,3
793614,2,2
793687,3,3
793740,7,4
793742,4,4
793747,3,3
793762,4,4
794067,7,8
794558,4,6
794564,2,3
794573,2,2
794742,2,6
794755,4,2
794837,4,7
794918,0,0
794927,2,8
795021,2,2
795024,2,2
795029,4,7
795083,0,0
795239,2,2
795244,7,7
795290,3,2
795298,2,2
795310,2,2
795330,4,4
795921,3,3
795930,2,2
795933,4,2
796118,7,7
796125,2,2
796322,2,2
796340,2,2
796354,2,2
796458,2,2
796701,0,8
797157,0,0
797392,2,2
797395,0,0
797552,2,2
797568,7,4
797743,2,2
797900,7,7
798038,7,4
798169,2,2
798201,5,6
798234,2,8
798238,2,2
798326,2,2
798340,2,2
798621,2,2
798717,2,2
798744,4,4
798937,4,4
798939,4,7
799113,7,7
799310,7,4
799312,4,4
799314,2,2
799470,6,6
799473,2,2
799474,4,4
800036,7,8
800170,2,2
800395,2,2
800406,2,2
800551,2,2
800573,7,4
800586,2,2
800824,7,8
801042,7,8
801066,7,4
801068,2,2
801085,4,4
801403,7,7
801434,4,4
801455,7,8
801751,3,2
801763,2,2
802058,2,2
802456,4,4
802571,3,2
802580,5,5
802737,7,4
802738,2,7
803201,4,4
803644,4,2
804156,4,4
804534,4,4
804674,7,0
804688,2,2
804807,2,2
804816,4,4
804937,4,4
805189,2,2
805199,0,8
805200,0,0
805410,7,7
805704,7,8
806048,0,0
806050,7,7
806174,2,2
806177,4,8
806306,2,2
806579,4,2
806785,0,0
806798,4,7
806833,4,4
807196,0,0
807203,7,7
807462,0,0
807555,3,2
807708,6,6
807712,4,6
807713,2,2
807722,2,2
807724,6,6
807818,4,4
807903,7,7
807954,2,2
807978,2,2
808161,5,5
808167,7,7
808448,2,2
808567,2,2
808576,2,8
808976,4,4
809185,7,7
809192,2,8
809532,0,0
809540,4,4
809546,4,2
809590,2,2
809955,2,2
809958,7,4
809962,2,2
809967,2,2
809978,2,2
809986,7,8
809992,0,0
810351,4,4
810352,3,3
810354,6,6
810363,2,2
810366,4,4
810368,2,2
810370,3,3
810473,3,3
810480,2,2
810481,7,7
810482,3,2
810485,4,2
810488,3,3
810493,2,2
810497,4,2
810532,3,3
810538,2,2
810540,3,3
810541,2,2
810543,4,2
810724,2,2
810725,3,3
810727,7,4
810728,3,3
810738,3,3
810740,2,2
810744,3,3
810745,2,2
810747,3,3
810830,4,4
810832,6,2
810833,2,2
810834,4,6
810835,2,2
810836,6,6
810840,4,1
810841,4,4
810843,4,2
810845,4,4
810848,3,2
810971,2,3
810979,5,5
810983,2,8
810993,3,2
810995,3,3
811026,4,2
811136,3,2
811205,3,3
811208,2,8
811215,2,3
811418,2,2
811420,2,2
811423,7,4
811424,2,2
811427,7,4
811428,2,2
725797,8,8
784729,8,8
746284,8,8
800393,8,8
710042,8,8
740390,8,8
804528,8,8
692159,8,8
777659,8,8
2256,8,8
643248,8,8
744613,8,8
799765,8,8
648474,8,8
743775,8,3
748941,8,8
702539,8,8
736143,8,8
1621,8,8
808578,8,8
674,8,8
787559,8,8
704212,8,8
807494,8,8
721609,8,8
676580,8,8
252154,8,8
691370,8,2
747960,8,8
683579,8,8
678466,8,7
747590,8,8
651865,8,8
799706,8,8
655350,8,8
793608,8,8
788648,8,8
6438,8,8
796956,8,8
715051,8,8
747062,8,8
769779,8,8
753749,8,8
798164,8,8
807807,8,8
778002,8,8
766970,8,8
677063,8,8
676332,8,8
734765,8,8
684927,8,8
676705,8,8
753759,8,8
801086,8,8
777533,8,8
743103,8,8
719634,8,8
762775,8,8
798957,8,8
728713,8,8
789674,8,8
753953,8,8
743078,8,8
778136,8,8
247198,8,7
790408,8,8
649143,8,8
689037,8,8
698400,8,8
652215,8,8
785041,8,8
736137,8,8
698636,8,8
778409,8,8
690786,8,8
736784,8,0
798044,8,8
739342,8,8
781403,8,8
765579,8,8
793236,8,8
5310,8,8
762773,8,8
721917,8,8
752827,8,8
650343,8,8
714505,8,8
647745,8,8
706434,8,8
784917,8,8
784726,8,8
690108,8,8
707504,8,8
787564,8,8
781168,8,8
677504,8,8
643882,8,8
767986,8,8
685579,8,8
758917,8,8
722733,8,8
658993,8,8
734757,8,8
705242,8,8
782522,8,8
729720,8,8
756221,8,8
700308,8,2
692883,8,8
685512,8,8
2559,8,8
2259,8,8
764943,8,0
795809,8,8
697789,8,8
799382,8,8
784878,8,8
232,8,8
689636,8,8
704354,8,0
249320,8,7
695467,8,7
645926,8,8
687618,8,8
801078,8,8
643247,8,8
799695,8,8
750690,8,8
679068,8,8
736681,8,2
804694,8,8
739500,8,8
780719,8,8
722028,8,8
753363,8,8
718869,8,8
785232,8,8
756231,8,8
796705,8,8
787536,8,8
707586,8,8
725443,8,8
700586,8,8
745665,8,8
695485,8,2
752895,8,8
760595,8,8
658642,8,8
690093,8,8
811227,8,8
681819,8,8
725167,8,7
696578,8,8
725169,8,3
806167,8,8
788064,8,8
735228,8,8
7569,8,2
779229,8,8
675056,8,8
708554,8,8
788043,8,8
701951,8,8
720970,8,8
645122,8,8
723858,8,8
743801,8,3
809536,8,8
797910,8,8
679285,8,8
745675,8,8
754696,8,8
794145,8,4
675345,8,8
780635,8,8
777539,8,8
791365,8,8
685018,8,8
687819,8,8
1518,8,8
694514,8,8
753677,8,8
657574,8,8
249239,8,7
689445,8,8
781598,8,8
648461,8,7
719688,8,8
800174,8,8
762587,8,8
722719,8,2
752708,8,8
3806,8,8
774227,8,8
768010,8,8
658973,8,8
784928,8,8
770235,8,8
689495,8,8
2836,8,8
782363,8,8
791259,8,8
794914,8,8
651066,8,8
724839,8,8
756546,8,8
716295,8,8
708442,8,8
770930,8,8
724847,8,8
771944,8,8
785655,8,8
800757,8,8
685720,8,8
727047,8,8
705108,8,2
657002,8,8
751997,8,8
760590,8,8
692297,8,8
693554,8,8
680884,8,8
730892,8,8
782635,8,8
728027,8,8
754868,8,8
704358,8,8
796702,8,8
653644,8,8
689191,8,8
733656,8,8
780175,8,8
657572,8,8
675433,8,8
703068,8,8
768235,8,8
650300,8,8
705116,8,2
251200,8,8
794741,8,8
791274,8,8
676177,8,8
801883,8,7
726258,8,8
774496,8,8
707578,8,8
738402,8,8
713279,8,8
786936,8,8
653459,8,8
645101,8,8
676581,8,8
755540,8,8
692063,8,0
658713,8,8
798151,8,8
779076,8,8
687875,8,8
647746,8,8
735614,8,8
725178,8,7
252270,8,8
774985,8,8
680507,8,8
4872,8,0
658797,8,8
6724,8,8
655775,8,8
691131,8,8
658726,8,8
710121,8,2
765573,8,8
737969,8,7
763699,8,8
654246,8,8
648463,8,8
811206,8,7
807816,8,8
758267,8,8
803472,8,8
750671,8,8
708826,8,8
247714,8,8
756249,8,8
642787,8,7
770228,8,8
795802,8,8
696505,8,8
705607,8,8
682643,8,8
713297,8,4
691949,8,8
750466,8,8
700474,8,2
782514,8,8
779066,8,8
716781,8,8
689180,8,8
737334,8,8
800830,8,8
702645,8,8
716795,8,8
789790,8,8
804801,8,7
643535,8,8
811416,8,8
753960,8,8
689996,8,8
789680,8,8
758678,8,8
811429,8,8
704419,8,8
762264,8,8
769232,8,8
247719,8,8
783801,8,8
718280,8,8
799191,8,8
684907,8,8
706199,8,8
780188,8,8
690632,8,8
735072,8,8
703934,8,8
698551,8,8
798074,8,8
703482,8,8
742688,8,8
767347,8,2
800589,8,8
743111,8,8
695726,8,3
712665,8,8
690760,8,8
806285,8,8
744747,8,8
785663,8,8
707668,8,8
646796,8,8
650364,8,8
677825,8,8
694696,8,0
244810,8,8
657799,8,8
774821,8,8
771866,8,8
792586,8,8
700412,8,2
805210,8,8
734957,8,8
725796,8,8
691851,8,8
798210,8,8
653629,8,8
795366,8,8
745921,8,8
801045,8,8
780220,8,8
780703,8,8
774815,8,8
704154,8,2
727995,8,8
793237,8,8
681895,8,8
782464,8,8
709010,8,8
690539,8,2
644108,8,8
789233,8,8
6403,8,8
721916,8,8
776567,8,8
658219,8,8
674057,8,0
767260,8,8
718548,8,8
653435,8,8
715634,8,2
788053,8,8
652291,8,8
702873,8,8
642623,8,8
682199,8,8
703700,8,8
714293,8,8
757489,8,8
685387,8,8
641180,8,8
676504,8,8
688968,8,8
756268,8,0
705118,8,8
736223,8,8
780198,8,8
754804,8,8
752397,8,8
785360,8,8
6815,8,8
799468,8,8
244798,8,0
807479,8,0
726037,8,8
734672,8,8
795066,8,8
723654,8,8
703214,8,8
694217,8,8
791565,8,8
736351,8,8
777741,8,8
753462,8,8
735519,8,8
750850,8,8
738599,8,8
676030,8,8
749816,8,8
686809,8,8
763763,8,8
249450,8,7
714687,8,8
765763,8,8
731559,8,8
791364,8,8
798155,8,8
791568,8,8
776773,8,8
689499,8,8
702331,8,8
787103,8,8
809677,8,8
651376,8,8
644869,8,8
649770,8,8
738302,8,8
774916,8,8
738185,8,8
773067,8,8
776544,8,8
780289,8,8
791229,8,8
793334,8,4
641025,8,2
739877,8,8
658970,8,8
755039,8,8
720967,8,8
760596,8,8
644056,8,8
730614,8,8
694823,8,8
645479,8,8
717344,8,8
706447,8,8
753453,8,8
705601,8,8
251302,8,8
778563,8,8
780184,8,8
3481,8,8
687621,8,8
777780,8,8
798722,8,7
809528,8,0
735065,8,8
650482,8,8
645771,8,2
726676,8,8
681879,8,8
800511,8,8
732947,8,8
755529,8,4
766965,8,2
697775,8,8
249129,8,8
775389,8,8
710930,8,8
798704,8,8
757253,8,8
793326,8,8
762277,8,8
697343,8,8
797935,8,8
787383,8,7
735075,8,8
782446,8,8
717624,8,8
690545,8,8
693717,8,8
799185,8,8
774849,8,8
694539,8,8
728089,8,8
706512,8,8
658638,8,4
640011,8,8
807464,8,8
692296,8,8
748573,8,8
760714,8,8
778448,8,8
750539,8,8
804366,8,8
716110,8,8
657393,8,8
754700,8,8
807471,8,8
738653,8,8
652367,8,8
775503,8,8
794079,8,8
687862,8,8
750605,8,8
804169,8,8
801937,8,8
752696,8,8
657411,8,8
739088,8,8
705406,8,2
757697,8,8
789803,8,7
756395,8,8
655583,8,8
250612,8,8
701387,8,8
686352,8,8
794736,8,8
704582,8,7
750283,8,8
735513,8,8
710255,8,8
719206,8,8
5443,8,8
681224,8,8
707175,8,8
792090,8,8
689050,8,8
705472,8,2
777522,8,8
650813,8,8
689454,8,8
692898,8,8
807902,8,8
788653,8,8
722016,8,8
793214,8,8
768932,8,8
768952,8,8
690656,8,8
736230,8,8
796318,8,8
781345,8,8
772002,8,8
725045,8,8
677756,8,8
726798,8,8
716102,8,3
704854,8,8
745034,8,8
794847,8,8
717341,8,8
703648,8,8
791632,8,8
714023,8,8
245355,8,8
765374,8,8
769610,8,2
808432,8,8
675049,8,8
785523,8,8
726033,8,8
689627,8,8
249599,8,8
742669,8,8
790413,8,8
657596,8,8
694337,8,8
677752,8,8
774294,8,8
726083,8,4
691126,8,8
675068,8,8
708818,8,8
762185,8,8
798221,8,8
245352,8,7
641284,8,8
714280,8,8
728716,8,8
811408,8,8
703598,8,8
777679,8,8
713659,8,8
673824,8,8
708030,8,2
734048,8,8
689507,8,8
645982,8,8
774860,8,0
677913,8,8
758166,8,8
646974,8,8
706486,8,8
738179,8,8
716743,8,8
703946,8,8
760719,8,8
798152,8,8
752885,8,8
654228,8,8
4904,8,7
752002,8,8
658368,8,8
737168,8,8
803212,8,8
799301,8,8
762015,8,8
685123,8,8
4922,8,8
788096,8,8
720342,8,8
793606,8,8
784668,8,8
738574,8,8
253398,8,3
712726,8,8
786435,8,8
682632,8,8
783617,8,8
801891,8,8
640940,8,8
650579,8,8
767364,8,8
754703,8,8
768949,8,8
756711,8,2
756622,8,0
790695,8,8
752110,8,8
738623,8,8
651871,8,8
4789,8,8
809697,8,8
798809,8,8
707112,8,8
796703,8,8
647720,8,8
744670,8,8
781391,8,8
736349,8,8
806804,8,8
772685,8,8
687748,8,8
726422,8,8
788126,8,8
642906,8,4
654906,8,8
726310,8,8
766026,8,2
783794,8,8
799570,8,8
804362,8,8
701207,8,0
675321,8,8
249238,8,8
744443,8,8
739082,8,8
781754,8,8
745346,8,2
675058,8,8
796331,8,8
739958,8,8
744506,8,8
714517,8,8
765221,8,8
701632,8,8
730886,8,8
709996,8,8
778356,8,8
794751,8,8
754968,8,8
687355,8,8
770081,8,8
252301,8,8
777670,8,8
733044,8,8
790684,8,8
755984,8,8
654467,8,8
710954,8,8
764474,8,2
809966,8,8
702537,8,8
774488,8,8
646763,8,8
723370,8,8
683688,8,8
690763,8,8
738673,8,8
689482,8,8
809960,8,8
761175,8,8
695484,8,8
726436,8,8
799368,8,8
750698,8,8
5321,8,8
791622,8,8
788232,8,8
707659,8,8
726299,8,8
736693,8,8
795013,8,8
786726,8,8
677599,8,8
702024,8,8
650256,8,8
704556,8,8
719373,8,2
801109,8,8
694536,8,8
775540,8,8
771956,8,8
772061,8,8
806005,8,8
711460,8,8
249112,8,8
769706,8,8
680042,8,8
798798,8,8
677276,8,8
640951,8,8
772560,8,8
722013,8,8
692462,8,2
762695,8,8
766959,8,8
796863,8,8
798920,8,8
801084,8,0
660552,8,8
704742,8,8
685109,8,8
802210,8,8
793602,8,8
793208,8,8
759181,8,8
690112,8,8
785339,8,8
694706,8,8
735275,8,8
682633,8,8
759180,8,8
718835,8,8
716428,8,8
673887,8,8
793690,8,8
651872,8,8
804373,8,8
710278,8,8
714524,8,8
734753,8,8
706091,8,6
712712,8,8
762756,8,8
765302,8,8
782791,8,8
787652,8,8
724577,8,8
677053,8,8
798477,8,8
754763,8,8
645500,8,3
745080,8,8
654903,8,8
715625,8,8
675440,8,8
803454,8,8
782448,8,8
678853,8,8
251298,8,8
794068,8,7
730774,8,7
795518,8,8
753442,8,8
802459,8,8
753615,8,8
703114,8,8
704278,8,8
799376,8,8
807953,8,8
748761,8,8
806046,8,8
740286,8,8
724844,8,8
4912,8,8
761180,8,8
718746,8,8
730992,8,8
647272,8,8
807900,8,8
651043,8,8
690167,8,8
799056,8,8
704567,8,8
763062,8,8
736348,8,8
703399,8,2
745466,8,8
762017,8,4
785362,8,2
801460,8,8
725247,8,7
798607,8,8
764932,8,8
798719,8,8
809534,8,8
801750,8,8
710259,8,8
6481,8,8
785226,8,8
698206,8,8
802197,8,8
678182,8,8
753761,8,4
751691,8,8
753135,8,8
703170,8,8
660130,8,8
768939,8,8
798214,8,8
730659,8,8
750727,8,8
805525,8,8
645998,8,8
703127,8,8
751904,8,8
805526,8,8
806163,8,8
802064,8,8
782656,8,8
799383,8,8
785017,8,8
786325,8,8
764725,8,7
797936,8,8
702388,8,8
809675,8,8
799377,8,8
715631,8,8
785039,8,8
757104,8,8
767778,8,8
2552,8,8
788273,8,8
652947,8,8
793748,8,8
728774,8,8
698010,8,8
733809,8,8
743114,8,8
804670,8,8
778459,8,8
805412,8,8
791104,8,8
406,8,8
795803,8,8
703139,8,8
642807,8,8
760925,8,8
703416,8,8
781765,8,8
797906,8,8
645957,8,8
747086,8,8
797922,8,8
6477,8,8
691836,8,8
780965,8,8
710451,8,8
652303,8,8
725260,8,7
4909,8,7
796349,8,8
696032,8,8
715643,8,8
768387,8,8
803208,8,8
753463,8,8
731608,8,8
652953,8,7
739508,8,8
737823,8,8
779178,8,8
727516,8,8
794147,8,8
704774,8,8
747241,8,8
800123,8,8
753762,8,8
753427,8,8
685600,8,8
643810,8,7
680757,8,8
803376,8,8
784880,8,8
644867,8,8
785489,8,2
753853,8,8
721,8,4
749451,8,8
750720,8,8
750669,8,8
806849,8,8
696370,8,8
786297,8,8
804671,8,7
694317,8,8
656334,8,8
762583,8,8
718546,8,8
780211,8,8
721601,8,8
790396,8,8
724687,8,4
746279,8,2
768243,8,8
691385,8,8
723014,8,8
765305,8,8
795014,8,8
729743,8,8
703938,8,8
755994,8,2
652808,8,8
745666,8,8
694302,8,8
710056,8,8
785021,8,8
746148,8,8
765595,8,8
656625,8,8
703579,8,8
736075,8,8
678478,8,8
759898,8,8
643411,8,7
3485,8,8
675721,8,8
706208,8,8
725710,8,8
771871,8,8
787844,8,2
1241,8,8
683348,8,8
682387,8,8
645694,8,8
805175,8,8
712774,8,2
710004,8,8
734866,8,8
686862,8,8
722923,8,8
757699,8,2
744607,8,8
2544,8,8
694826,8,8
703754,8,8
652282,8,8
794149,8,8
787080,8,8
680525,8,8
779981,8,8
694525,8,8
710044,8,8
719421,8,8
689709,8,8
708170,8,8
253353,8,3
752404,8,8
729738,8,2
723362,8,8
689423,8,8
805494,8,8
693832,8,0
756250,8,8
798703,8,8
755539,8,8
718751,8,7
768730,8,8
703479,8,8
645041,8,4
696387,8,8
731606,8,8
756248,8,8
690562,8,8
761751,8,8
652298,8,8
640941,8,4
697782,8,8
804216,8,8
